order_id,customer_id,restaurant_name,cuisine_type,cost_of_the_order,day_of_the_week,rating,food_preparation_time,delivery_time,total_fulfillment_time,prep_time_share,delivery_time_share,rating_given,rating_value,is_promoter,is_weekend,cost_band,customer_order_count,is_repeat_customer,restaurant_order_count,cuisine_order_count,cuisine_grouped,is_low_volume_restaurant
1477147,337525,Hangawi,Korean,30.75,Weekend,Not given,25,20,45,0.556,0.444,False,,False,True,High,2,True,2,13,Other,True
1477685,358141,Blue Ribbon Sushi Izakaya,Japanese,12.08,Weekend,Not given,25,23,48,0.521,0.479,False,,False,True,Low,1,False,29,470,Japanese,False
1477070,66393,Cafe Habana,Mexican,12.23,Weekday,5,23,28,51,0.451,0.549,True,5.0,True,False,Medium,1,False,16,77,Mexican,False
1477334,106968,Blue Ribbon Fried Chicken,American,29.2,Weekend,3,25,15,40,0.625,0.375,True,3.0,False,True,High,2,True,96,584,American,False
1478249,76942,Dirty Bird to Go,American,11.59,Weekday,4,25,24,49,0.51,0.49,True,4.0,True,False,Low,3,True,4,584,American,False
1477224,147468,Tamarind TriBeCa,Indian,25.22,Weekday,3,20,24,44,0.455,0.545,True,3.0,False,False,High,3,True,27,73,Indian,False
1477894,157711,The Meatball Shop,Italian,6.07,Weekend,Not given,28,21,49,0.571,0.429,False,,False,True,Low,1,False,132,298,Italian,False
1477859,89574,Barbounia,Mediterranean,5.97,Weekday,3,33,30,63,0.524,0.476,True,3.0,False,False,Low,1,False,6,46,Mediterranean,False
1477174,121706,Anjappar Chettinad,Indian,16.44,Weekday,5,21,26,47,0.447,0.553,True,5.0,True,False,Medium,3,True,1,73,Indian,True
1477311,39705,Bukhara Grill,Indian,7.18,Weekday,5,29,26,55,0.527,0.473,True,5.0,True,False,Low,2,True,2,73,Indian,True
1477895,143926,Big Wong Restaurant,Chinese,5.92,Weekday,Not given,34,28,62,0.548,0.452,False,,False,False,Low,1,False,1,215,Chinese,True
1478437,221206,Empanada Mama (closed),Mexican,8.1,Weekend,5,23,22,45,0.511,0.489,True,5.0,True,True,Low,1,False,13,77,Mexican,False
1476966,129969,Blue Ribbon Fried Chicken,American,24.3,Weekend,5,23,17,40,0.575,0.425,True,5.0,True,True,High,2,True,96,584,American,False
1477449,104548,Pylos,Mediterranean,11.3,Weekend,3,24,23,47,0.511,0.489,True,3.0,False,True,Low,3,True,5,46,Mediterranean,False
1478198,62667,Lucky's Famous Burgers,American,12.13,Weekday,Not given,23,30,53,0.434,0.566,False,,False,False,Low,4,True,6,584,American,False
1477414,66222,Shake Shack,American,16.2,Weekend,5,33,25,58,0.569,0.431,True,5.0,True,True,Medium,1,False,219,584,American,False
1477486,104555,Sushi of Gari,Japanese,16.98,Weekend,Not given,30,16,46,0.652,0.348,False,,False,True,Medium,3,True,16,470,Japanese,False
1477373,139885,Blue Ribbon Sushi Izakaya,Japanese,33.03,Weekend,Not given,21,22,43,0.488,0.512,False,,False,True,High,2,True,29,470,Japanese,False
1477138,47280,RedFarm Hudson,Chinese,14.12,Weekend,4,25,24,49,0.51,0.49,True,4.0,True,True,Medium,5,True,55,215,Chinese,False
1477354,67487,Blue Ribbon Sushi,Japanese,16.2,Weekend,4,35,26,61,0.574,0.426,True,4.0,True,True,Medium,2,True,119,470,Japanese,False
1478296,250494,Five Guys Burgers and Fries,American,24.2,Weekend,4,21,24,45,0.467,0.533,True,4.0,True,True,High,8,True,29,584,American,False
1478226,137565,Shake Shack,American,15.91,Weekend,Not given,25,20,45,0.556,0.444,False,,False,True,Medium,3,True,219,584,American,False
1478287,150599,Shake Shack,American,29.1,Weekday,5,21,30,51,0.412,0.588,True,5.0,True,False,High,1,False,219,584,American,False
1478014,54630,Tortaria,Mexican,8.92,Weekend,Not given,33,16,49,0.673,0.327,False,,False,True,Low,3,True,4,77,Mexican,False
1476714,363783,Cafe Mogador,Middle Eastern,15.86,Weekday,Not given,32,29,61,0.525,0.475,False,,False,False,Medium,1,False,18,49,Middle Eastern,False
1476693,41877,Cafe Mogador,Middle Eastern,29.1,Weekday,5,20,29,49,0.408,0.592,True,5.0,True,False,High,2,True,18,49,Middle Eastern,False
1476995,371590,The Meatball Shop,Italian,21.88,Weekday,5,24,27,51,0.471,0.529,True,5.0,True,False,High,2,True,132,298,Italian,False
1476844,175290,Otto Enoteca Pizzeria,Italian,14.02,Weekend,Not given,24,16,40,0.6,0.4,False,,False,True,Medium,4,True,12,298,Italian,False
1477015,76686,Vezzo Thin Crust Pizza,Italian,9.17,Weekend,Not given,21,24,45,0.467,0.533,False,,False,True,Low,1,False,5,298,Italian,False
1476889,149984,Sushi of Gari 46,Japanese,12.18,Weekday,Not given,20,29,49,0.408,0.592,False,,False,False,Low,4,True,37,470,Japanese,False
1478289,318874,The Kati Roll Company,Indian,31.33,Weekend,5,28,25,53,0.528,0.472,True,5.0,True,True,High,2,True,16,73,Indian,False
1477699,302790,Klong,Thai,29.05,Weekend,5,35,24,59,0.593,0.407,True,5.0,True,True,High,3,True,1,19,Other,True
1476855,317794,5 Napkin Burger,American,8.39,Weekday,Not given,35,24,59,0.593,0.407,False,,False,False,Low,1,False,5,584,American,False
1477748,105349,TAO,Japanese,9.12,Weekend,Not given,34,18,52,0.654,0.346,False,,False,True,Low,1,False,49,470,Japanese,False
1478244,181782,Parm,Italian,29.1,Weekend,5,30,26,56,0.536,0.464,True,5.0,True,True,High,2,True,68,298,Italian,False
1478310,65224,Sushi Samba,Japanese,15.47,Weekend,Not given,32,26,58,0.552,0.448,False,,False,True,Medium,1,False,11,470,Japanese,False
1478017,148649,Blue Ribbon Sushi,Japanese,16.01,Weekday,4,23,31,54,0.426,0.574,True,4.0,True,False,Medium,2,True,119,470,Japanese,False
1476871,118709,The Meatball Shop,Italian,24.3,Weekday,4,31,29,60,0.517,0.483,True,4.0,True,False,High,1,False,132,298,Italian,False
1477999,208020,Haru Gramercy Park,Japanese,29.83,Weekday,5,20,32,52,0.385,0.615,True,5.0,True,False,High,2,True,1,470,Japanese,True
1476891,220693,Shake Shack,American,19.89,Weekend,Not given,27,19,46,0.587,0.413,False,,False,True,High,1,False,219,584,American,False
1477425,378482,Chipotle Mexican Grill $1.99 Delivery,Mexican,19.35,Weekend,4,21,18,39,0.538,0.462,True,4.0,True,True,Medium,4,True,23,77,Mexican,False
1478143,337525,TAO,Japanese,33.22,Weekend,Not given,23,19,42,0.548,0.452,False,,False,True,High,2,True,49,470,Japanese,False
1477267,133637,RedFarm Broadway,Chinese,24.25,Weekend,5,22,15,37,0.595,0.405,True,5.0,True,True,High,1,False,59,215,Chinese,False
1477728,107909,Cafeteria,American,16.44,Weekend,Not given,33,22,55,0.6,0.4,False,,False,True,Medium,6,True,9,584,American,False
1476908,365237,Five Guys Burgers and Fries,American,22.75,Weekend,5,30,20,50,0.6,0.4,True,5.0,True,True,High,1,False,29,584,American,False
1476581,322162,The Meatball Shop,Italian,6.74,Weekend,5,29,23,52,0.558,0.442,True,5.0,True,True,Low,1,False,132,298,Italian,False
1476930,198802,DuMont Burger,American,29.05,Weekend,5,22,30,52,0.423,0.577,True,5.0,True,True,High,4,True,3,584,American,True
1477621,122864,Sarabeth's East,American,13.78,Weekend,4,34,24,58,0.586,0.414,True,4.0,True,True,Medium,1,False,7,584,American,False
1478354,52037,Blue Ribbon Fried Chicken,American,19.89,Weekday,Not given,27,24,51,0.529,0.471,False,,False,False,High,2,True,96,584,American,False
1477251,81110,Hill Country Fried Chicken,Southern,16.93,Weekend,5,33,21,54,0.611,0.389,True,5.0,True,True,Medium,5,True,14,17,Other,False
1477656,300003,Bistango,Italian,21.88,Weekend,Not given,21,19,40,0.525,0.475,False,,False,True,High,3,True,2,298,Italian,True
1477883,91817,Blue Ribbon Fried Chicken,American,29.39,Weekend,Not given,27,28,55,0.491,0.509,False,,False,True,High,5,True,96,584,American,False
1477205,112036,TAO,Japanese,20.23,Weekend,5,22,20,42,0.524,0.476,True,5.0,True,True,High,1,False,49,470,Japanese,False
1478107,73895,RedFarm Broadway,Chinese,29.1,Weekend,Not given,22,23,45,0.489,0.511,False,,False,True,High,2,True,59,215,Chinese,False
1477760,130507,Jack's Wife Freda,Mediterranean,22.75,Weekend,3,35,29,64,0.547,0.453,True,3.0,False,True,High,1,False,25,46,Mediterranean,False
1476562,129486,Mamoun's Falafel,Mediterranean,14.12,Weekend,3,31,15,46,0.674,0.326,True,3.0,False,True,Medium,2,True,7,46,Mediterranean,False
1477692,313340,Sushi of Gari 46,Japanese,14.6,Weekday,3,24,24,48,0.5,0.5,True,3.0,False,False,Medium,1,False,37,470,Japanese,False
1477889,177250,RedFarm Hudson,Chinese,12.23,Weekday,5,25,33,58,0.431,0.569,True,5.0,True,False,Medium,3,True,55,215,Chinese,False
1477243,176234,Prosperity Dumpling,Chinese,14.02,Weekend,5,20,30,50,0.4,0.6,True,5.0,True,True,Medium,1,False,3,215,Chinese,True
1477560,371677,Blue Ribbon Fried Chicken,American,6.79,Weekday,Not given,33,28,61,0.541,0.459,False,,False,False,Low,1,False,96,584,American,False
1476896,388918,Blue Ribbon Fried Chicken,American,24.25,Weekend,Not given,28,21,49,0.571,0.429,False,,False,True,High,1,False,96,584,American,False
1478327,68551,Blue Ribbon Sushi Bar & Grill,Japanese,33.03,Weekend,Not given,33,20,53,0.623,0.377,False,,False,True,High,3,True,44,470,Japanese,False
1476820,152786,Cafe Habana,Mexican,31.38,Weekend,4,23,27,50,0.46,0.54,True,4.0,True,True,High,3,True,16,77,Mexican,False
1478121,62980,Westville Hudson,American,8.34,Weekday,Not given,22,26,48,0.458,0.542,False,,False,False,Low,1,False,15,584,American,False
1478077,82041,Shake Shack,American,33.03,Weekday,Not given,22,32,54,0.407,0.593,False,,False,False,High,7,True,219,584,American,False
1478359,361616,Blue Ribbon Brooklyn,American,24.2,Weekday,3,22,32,54,0.407,0.593,True,3.0,False,False,High,1,False,4,584,American,False
1476841,398426,RedFarm Broadway,Chinese,12.46,Weekend,4,24,20,44,0.545,0.455,True,4.0,True,True,Medium,1,False,59,215,Chinese,False
1477125,130820,Nobu Next Door,Japanese,15.86,Weekend,5,29,23,52,0.558,0.442,True,5.0,True,True,Medium,2,True,42,470,Japanese,False
1477915,200074,Osteria Morini,Italian,14.55,Weekend,Not given,34,22,56,0.607,0.393,False,,False,True,Medium,2,True,14,298,Italian,False
1477475,65009,Blue Ribbon Fried Chicken,American,32.93,Weekend,5,24,23,47,0.511,0.489,True,5.0,True,True,High,7,True,96,584,American,False
1477932,170221,Shake Shack,American,16.98,Weekend,Not given,22,21,43,0.512,0.488,False,,False,True,Medium,2,True,219,584,American,False
1476651,58092,Shake Shack,American,8.0,Weekend,5,27,23,50,0.54,0.46,True,5.0,True,True,Low,1,False,219,584,American,False
1477730,50616,Parm,Italian,13.05,Weekend,Not given,28,27,55,0.509,0.491,False,,False,True,Medium,1,False,68,298,Italian,False
1477518,133202,Sushi Samba,Japanese,29.05,Weekend,5,31,16,47,0.66,0.34,True,5.0,True,True,High,4,True,11,470,Japanese,False
1477821,277898,Haandi,Indian,5.67,Weekday,4,23,31,54,0.426,0.574,True,4.0,True,False,Low,4,True,2,73,Indian,True
1477104,77341,The Meatball Shop,Italian,16.93,Weekend,Not given,30,25,55,0.545,0.455,False,,False,True,Medium,1,False,132,298,Italian,False
1477921,97079,Benihana,Japanese,29.29,Weekend,5,20,18,38,0.526,0.474,True,5.0,True,True,High,6,True,5,470,Japanese,False
1477938,150002,The Kati Roll Company,Indian,16.15,Weekend,5,20,29,49,0.408,0.592,True,5.0,True,True,Medium,1,False,16,73,Indian,False
1476943,87472,RedFarm Hudson,Chinese,22.75,Weekend,Not given,31,30,61,0.508,0.492,False,,False,True,High,1,False,55,215,Chinese,False
1477581,231061,Han Dynasty,Chinese,13.34,Weekend,4,34,27,61,0.557,0.443,True,4.0,True,True,Medium,4,True,46,215,Chinese,False
1477975,56722,Shake Shack,American,9.75,Weekend,5,33,25,58,0.569,0.431,True,5.0,True,True,Low,3,True,219,584,American,False
1477601,107909,Cafeteria,American,6.69,Weekday,4,21,32,53,0.396,0.604,True,4.0,True,False,Low,6,True,9,584,American,False
1477790,133617,Shake Shack,American,4.75,Weekday,4,35,28,63,0.556,0.444,True,4.0,True,False,Low,1,False,219,584,American,False
1477385,67538,Chipotle Mexican Grill $1.99 Delivery,Mexican,12.56,Weekend,5,22,18,40,0.55,0.45,True,5.0,True,True,Medium,1,False,23,77,Mexican,False
1478423,129969,The Meatball Shop,Italian,21.2,Weekend,Not given,34,16,50,0.68,0.32,False,,False,True,High,2,True,132,298,Italian,False
1477051,57174,Tortaria,Mexican,19.31,Weekend,Not given,27,28,55,0.491,0.509,False,,False,True,Medium,1,False,4,77,Mexican,False
1476796,78939,Nobu Next Door,Japanese,16.3,Weekday,3,20,24,44,0.455,0.545,True,3.0,False,False,Medium,5,True,42,470,Japanese,False
1478031,309513,Otto Enoteca Pizzeria,Italian,13.05,Weekday,5,33,27,60,0.55,0.45,True,5.0,True,False,Medium,2,True,12,298,Italian,False
1477740,129798,TAO,Japanese,25.27,Weekday,4,24,24,48,0.5,0.5,True,4.0,True,False,High,3,True,49,470,Japanese,False
1478384,184085,Hill Country Fried Chicken,Southern,14.79,Weekend,5,35,15,50,0.7,0.3,True,5.0,True,True,Medium,2,True,14,17,Other,False
1478183,329710,Shake Shack,American,5.72,Weekday,3,31,24,55,0.564,0.436,True,3.0,False,False,Low,1,False,219,584,American,False
1477569,65009,Chote Nawab,Indian,16.15,Weekend,5,24,30,54,0.444,0.556,True,5.0,True,True,Medium,7,True,1,73,Indian,True
1478211,154030,RedFarm Hudson,Chinese,33.03,Weekend,4,26,22,48,0.542,0.458,True,4.0,True,True,High,2,True,55,215,Chinese,False
1476635,86731,Mission Cantina,Mexican,16.2,Weekend,5,31,18,49,0.633,0.367,True,5.0,True,True,Medium,2,True,5,77,Mexican,False
1477646,306119,Xi'an Famous Foods,Chinese,9.22,Weekday,Not given,31,32,63,0.492,0.508,False,,False,False,Low,3,True,9,215,Chinese,False
1477027,164016,Blue Ribbon Fried Chicken,American,16.39,Weekend,Not given,27,22,49,0.551,0.449,False,,False,True,Medium,3,True,96,584,American,False
1476921,121476,Blue Ribbon Fried Chicken,American,12.18,Weekday,3,29,27,56,0.518,0.482,True,3.0,False,False,Low,2,True,96,584,American,False
1476689,305522,Shake Shack,American,24.2,Weekday,4,29,29,58,0.5,0.5,True,4.0,True,False,High,1,False,219,584,American,False
1477767,68976,Sarabeth's East,American,17.03,Weekend,3,26,30,56,0.464,0.536,True,3.0,False,True,Medium,1,False,7,584,American,False
1476582,60703,Cafe Habana,Mexican,6.79,Weekday,Not given,33,25,58,0.569,0.431,False,,False,False,Low,1,False,16,77,Mexican,False
1478169,80460,Rubirosa,Italian,21.83,Weekend,3,30,27,57,0.526,0.474,True,3.0,False,True,High,1,False,37,298,Italian,False
1477702,128600,Blue Ribbon Fried Chicken,American,31.29,Weekday,Not given,22,33,55,0.4,0.6,False,,False,False,High,3,True,96,584,American,False
1477240,142356,Blue Ribbon Sushi,Japanese,11.83,Weekend,4,26,21,47,0.553,0.447,True,4.0,True,True,Low,4,True,119,470,Japanese,False
1476564,83287,Five Guys Burgers and Fries,American,24.3,Weekend,5,30,20,50,0.6,0.4,True,5.0,True,True,High,9,True,29,584,American,False
1478408,134152,The Meatball Shop,Italian,22.26,Weekend,Not given,28,25,53,0.528,0.472,False,,False,True,High,2,True,132,298,Italian,False
1477824,345899,TAO,Japanese,20.47,Weekend,4,26,30,56,0.464,0.536,True,4.0,True,True,High,1,False,49,470,Japanese,False
1477617,38050,Blue Ribbon Sushi,Japanese,12.18,Weekend,5,28,25,53,0.528,0.472,True,5.0,True,True,Low,2,True,119,470,Japanese,False
1477978,259341,Joe's Shanghai,Chinese,15.81,Weekend,5,20,26,46,0.435,0.565,True,5.0,True,True,Medium,7,True,4,215,Chinese,False
1477281,309513,Otto Enoteca Pizzeria,Italian,22.36,Weekend,5,26,27,53,0.491,0.509,True,5.0,True,True,High,2,True,12,298,Italian,False
1478223,234089,Blue Ribbon Sushi,Japanese,8.68,Weekend,5,34,27,61,0.557,0.443,True,5.0,True,True,Low,1,False,119,470,Japanese,False
1477364,125123,Shake Shack,American,21.83,Weekend,Not given,23,22,45,0.511,0.489,False,,False,True,High,5,True,219,584,American,False
1476715,365244,Bareburger,American,16.3,Weekday,Not given,20,28,48,0.417,0.583,False,,False,False,Medium,2,True,27,584,American,False
1476654,63020,The Odeon,American,12.9,Weekday,3,31,28,59,0.525,0.475,True,3.0,False,False,Medium,1,False,3,584,American,True
1477296,222879,Parm,Italian,29.15,Weekday,5,23,27,50,0.46,0.54,True,5.0,True,False,High,1,False,68,298,Italian,False
1478321,275535,Pongsri Thai,Thai,13.05,Weekday,4,31,24,55,0.564,0.436,True,4.0,True,False,Medium,1,False,2,19,Other,True
1477942,49793,Yama Japanese Restaurant,Japanese,22.36,Weekend,5,30,16,46,0.652,0.348,True,5.0,True,True,High,2,True,18,470,Japanese,False
1477552,137565,Shake Shack,American,31.29,Weekday,Not given,26,32,58,0.448,0.552,False,,False,False,High,3,True,219,584,American,False
1476770,65009,Blue Ribbon Fried Chicken,American,7.86,Weekday,4,22,33,55,0.4,0.6,True,4.0,True,False,Low,7,True,96,584,American,False
1476558,214394,Yama Japanese Restaurant,Japanese,16.1,Weekend,Not given,33,27,60,0.55,0.45,False,,False,True,Medium,1,False,18,470,Japanese,False
1477993,91907,Momoya,Japanese,16.98,Weekday,5,31,32,63,0.492,0.508,True,5.0,True,False,Medium,3,True,30,470,Japanese,False
1478072,82041,Osteria Morini,Italian,12.95,Weekend,5,26,28,54,0.481,0.519,True,5.0,True,True,Medium,7,True,14,298,Italian,False
1476935,59419,Blue Ribbon Fried Chicken,American,11.69,Weekend,5,21,24,45,0.467,0.533,True,5.0,True,True,Low,1,False,96,584,American,False
1477255,50199,Five Guys Burgers and Fries,American,12.13,Weekend,Not given,26,15,41,0.634,0.366,False,,False,True,Low,2,True,29,584,American,False
1477012,325210,The Meatball Shop,American,12.32,Weekend,Not given,31,19,50,0.62,0.38,False,,False,True,Medium,1,False,132,584,American,False
1477704,100999,Balthazar Boulangerie,French,12.13,Weekend,Not given,22,27,49,0.449,0.551,False,,False,True,Low,2,True,10,18,Other,False
1477188,146588,Sushi of Gari,Japanese,12.18,Weekday,5,25,24,49,0.51,0.49,True,5.0,True,False,Low,4,True,16,470,Japanese,False
1478348,310051,Parm,Italian,14.99,Weekend,Not given,34,24,58,0.586,0.414,False,,False,True,Medium,1,False,68,298,Italian,False
1477405,128243,The Meatball Shop,Italian,6.74,Weekend,5,26,30,56,0.464,0.536,True,5.0,True,True,Low,1,False,132,298,Italian,False
1476826,53543,Café China,Chinese,24.3,Weekend,Not given,20,23,43,0.465,0.535,False,,False,True,High,2,True,6,215,Chinese,False
1478340,230535,Shake Shack,American,10.38,Weekend,3,24,29,53,0.453,0.547,True,3.0,False,True,Low,1,False,219,584,American,False
1477044,127122,RedFarm Broadway,Chinese,6.79,Weekend,5,33,28,61,0.541,0.459,True,5.0,True,True,Low,2,True,59,215,Chinese,False
1476978,177250,RedFarm Hudson,Chinese,25.27,Weekend,Not given,34,28,62,0.548,0.452,False,,False,True,High,3,True,55,215,Chinese,False
1477287,111125,Otto Enoteca Pizzeria,Italian,14.99,Weekend,Not given,29,21,50,0.58,0.42,False,,False,True,Medium,2,True,12,298,Italian,False
1477110,144997,RedFarm Hudson,Chinese,29.05,Weekend,4,22,28,50,0.44,0.56,True,4.0,True,True,High,3,True,55,215,Chinese,False
1476555,97991,Blue Ribbon Sushi Bar & Grill,Japanese,9.65,Weekend,Not given,25,26,51,0.49,0.51,False,,False,True,Low,6,True,44,470,Japanese,False
1476862,58533,The Meatball Shop,Italian,29.2,Weekend,Not given,31,24,55,0.564,0.436,False,,False,True,High,1,False,132,298,Italian,False
1477117,104336,Nobu Next Door,Japanese,5.77,Weekday,4,29,24,53,0.547,0.453,True,4.0,True,False,Low,2,True,42,470,Japanese,False
1478402,232582,Café China,Chinese,32.93,Weekday,3,26,28,54,0.481,0.519,True,3.0,False,False,High,1,False,6,215,Chinese,False
1477431,195927,Boqueria,Spanish,12.13,Weekend,5,30,20,50,0.6,0.4,True,5.0,True,True,Low,3,True,9,12,Other,False
1477836,373689,Bareburger,American,12.08,Weekend,Not given,29,20,49,0.592,0.408,False,,False,True,Low,2,True,27,584,American,False
1477376,370372,Blue Ribbon Fried Chicken,American,11.59,Weekday,Not given,25,24,49,0.51,0.49,False,,False,False,Low,1,False,96,584,American,False
1476835,264707,TAO,Japanese,9.56,Weekend,5,21,17,38,0.553,0.447,True,5.0,True,True,Low,4,True,49,470,Japanese,False
1477177,42385,Song Thai Restaurant & Bar,Thai,24.2,Weekend,5,21,26,47,0.447,0.553,True,5.0,True,True,High,1,False,2,19,Other,True
1478174,104555,Sushi of Gari,Japanese,29.34,Weekday,Not given,32,25,57,0.561,0.439,False,,False,False,High,3,True,16,470,Japanese,False
1478269,250494,The Meatball Shop,Italian,11.16,Weekday,5,22,28,50,0.44,0.56,True,5.0,True,False,Low,8,True,132,298,Italian,False
1477369,139085,Shake Shack,American,24.25,Weekday,Not given,32,24,56,0.571,0.429,False,,False,False,High,1,False,219,584,American,False
1476969,198309,Blue Ribbon Sushi,Japanese,29.2,Weekend,Not given,22,25,47,0.468,0.532,False,,False,True,High,1,False,119,470,Japanese,False
1477420,399478,Shake Shack,American,14.07,Weekend,Not given,25,28,53,0.472,0.528,False,,False,True,Medium,1,False,219,584,American,False
1476663,40010,Parm,Italian,19.35,Weekend,4,35,19,54,0.648,0.352,True,4.0,True,True,Medium,2,True,68,298,Italian,False
1477904,48131,RedFarm Hudson,Chinese,16.1,Weekend,4,23,29,52,0.442,0.558,True,4.0,True,True,Medium,1,False,55,215,Chinese,False
1478219,41692,Shake Shack,American,22.8,Weekend,Not given,30,19,49,0.612,0.388,False,,False,True,High,1,False,219,584,American,False
1477206,61305,Blue Ribbon Sushi Bar & Grill,Japanese,15.23,Weekend,Not given,30,19,49,0.612,0.388,False,,False,True,Medium,1,False,44,470,Japanese,False
1477337,123780,Five Guys Burgers and Fries,American,33.03,Weekend,Not given,29,25,54,0.537,0.463,False,,False,True,High,1,False,29,584,American,False
1476809,385248,Shake Shack,American,12.95,Weekend,Not given,27,18,45,0.6,0.4,False,,False,True,Medium,1,False,219,584,American,False
1477750,97806,Shake Shack,American,16.49,Weekend,5,32,22,54,0.593,0.407,True,5.0,True,True,Medium,5,True,219,584,American,False
1476817,97079,Benihana,Japanese,29.05,Weekend,Not given,25,26,51,0.49,0.51,False,,False,True,High,6,True,5,470,Japanese,False
1476659,52463,RedFarm Broadway,Chinese,31.33,Weekend,3,33,23,56,0.589,0.411,True,3.0,False,True,High,2,True,59,215,Chinese,False
1477609,105068,TAO,Japanese,16.01,Weekend,Not given,26,16,42,0.619,0.381,False,,False,True,Medium,2,True,49,470,Japanese,False
1477616,128600,Tamarind TriBeCa,Indian,14.07,Weekend,4,26,21,47,0.553,0.447,True,4.0,True,True,Medium,3,True,27,73,Indian,False
1476769,71791,Sushi of Gari 46,Japanese,8.83,Weekday,Not given,31,33,64,0.484,0.516,False,,False,False,Low,1,False,37,470,Japanese,False
1477185,362068,The Kati Roll Company,Indian,33.03,Weekend,Not given,35,21,56,0.625,0.375,False,,False,True,High,1,False,16,73,Indian,False
1477752,298824,Shake Shack,American,16.25,Weekday,3,30,24,54,0.556,0.444,True,3.0,False,False,Medium,3,True,219,584,American,False
1477239,94524,The Meatball Shop,Italian,22.36,Weekend,4,28,18,46,0.609,0.391,True,4.0,True,True,High,2,True,132,298,Italian,False
1476590,342107,The Kati Roll Company,Indian,16.83,Weekend,4,26,20,46,0.565,0.435,True,4.0,True,True,Medium,2,True,16,73,Indian,False
1478305,62359,Rubirosa,Italian,8.0,Weekday,4,27,29,56,0.482,0.518,True,4.0,True,False,Low,5,True,37,298,Italian,False
1476751,347181,Blue Ribbon Sushi,Japanese,16.01,Weekend,Not given,29,22,51,0.569,0.431,False,,False,True,Medium,3,True,119,470,Japanese,False
1477831,60052,RedFarm Broadway,Chinese,16.01,Weekday,4,23,27,50,0.46,0.54,True,4.0,True,False,Medium,6,True,59,215,Chinese,False
1477955,198936,Five Leaves,American,10.24,Weekday,Not given,22,25,47,0.468,0.532,False,,False,False,Low,2,True,4,584,American,False
1476568,348787,Otto Enoteca Pizzeria,Italian,19.4,Weekday,4,32,28,60,0.533,0.467,True,4.0,True,False,High,2,True,12,298,Italian,False
1478391,184325,Pinto Nouveau Thai Bistro,Thai,19.35,Weekend,4,34,24,58,0.586,0.414,True,4.0,True,True,Medium,4,True,4,19,Other,False
1476725,42935,Barbounia,Mediterranean,13.97,Weekend,5,29,25,54,0.537,0.463,True,5.0,True,True,Medium,1,False,6,46,Mediterranean,False
1476688,200672,Cafe Mogador,Middle Eastern,13.0,Weekend,Not given,21,15,36,0.583,0.417,False,,False,True,Medium,1,False,18,49,Middle Eastern,False
1477102,75484,Five Guys Burgers and Fries,American,13.05,Weekend,Not given,34,27,61,0.557,0.443,False,,False,True,Medium,2,True,29,584,American,False
1476878,378027,RedFarm Broadway,Chinese,8.49,Weekend,Not given,24,16,40,0.6,0.4,False,,False,True,Low,2,True,59,215,Chinese,False
1476805,93133,Parm,Italian,22.8,Weekday,5,33,33,66,0.5,0.5,True,5.0,True,False,High,3,True,68,298,Italian,False
1478093,268958,Barbounia,Mediterranean,20.18,Weekend,5,29,19,48,0.604,0.396,True,5.0,True,True,High,3,True,6,46,Mediterranean,False
1478201,370017,RedFarm Broadway,Chinese,19.59,Weekend,5,24,19,43,0.558,0.442,True,5.0,True,True,High,1,False,59,215,Chinese,False
1478032,146586,Dirty Bird to Go,American,19.4,Weekend,4,25,19,44,0.568,0.432,True,4.0,True,True,High,1,False,4,584,American,False
1476606,350085,The Meatball Shop,Italian,17.03,Weekday,Not given,22,29,51,0.431,0.569,False,,False,False,Medium,1,False,132,298,Italian,False
1477570,292343,Amy Ruth's,Southern,16.11,Weekend,4,30,26,56,0.536,0.464,True,4.0,True,True,Medium,2,True,3,17,Other,True
1476808,84700,Pepe Giallo,Italian,14.6,Weekday,3,32,24,56,0.571,0.429,True,3.0,False,False,Medium,1,False,1,298,Italian,True
1476610,53212,TAO,Japanese,12.27,Weekday,Not given,26,29,55,0.473,0.527,False,,False,False,Medium,1,False,49,470,Japanese,False
1476875,373353,indikitch,Indian,22.26,Weekend,Not given,35,16,51,0.686,0.314,False,,False,True,High,1,False,4,73,Indian,False
1476829,79255,The Meatball Shop,Italian,6.79,Weekend,Not given,26,15,41,0.634,0.366,False,,False,True,Low,2,True,132,298,Italian,False
1477366,275689,Han Dynasty,Chinese,14.12,Weekend,4,35,19,54,0.648,0.352,True,4.0,True,True,Medium,6,True,46,215,Chinese,False
1477774,354719,The Meatball Shop,Italian,29.15,Weekend,5,34,20,54,0.63,0.37,True,5.0,True,True,High,3,True,132,298,Italian,False
1477209,17495,Prosperity Dumpling,Chinese,12.18,Weekday,Not given,26,24,50,0.52,0.48,False,,False,False,Low,1,False,3,215,Chinese,True
1478334,352247,Chipotle Mexican Grill $1.99 Delivery,Mexican,25.22,Weekend,4,27,22,49,0.551,0.449,True,4.0,True,True,High,1,False,23,77,Mexican,False
1477872,300670,Shake Shack,American,13.39,Weekend,Not given,30,22,52,0.577,0.423,False,,False,True,Medium,1,False,219,584,American,False
1478417,87747,Blue Ribbon Fried Chicken,American,9.02,Weekend,5,31,15,46,0.674,0.326,True,5.0,True,True,Low,1,False,96,584,American,False
1477401,326426,Sushi of Gari,Japanese,29.15,Weekend,Not given,34,24,58,0.586,0.414,False,,False,True,High,1,False,16,470,Japanese,False
1477764,131645,Yama 49,Japanese,13.0,Weekday,5,24,32,56,0.429,0.571,True,5.0,True,False,Medium,2,True,5,470,Japanese,False
1477835,129518,Blue Ribbon Fried Chicken,American,15.33,Weekday,4,24,29,53,0.453,0.547,True,4.0,True,False,Medium,1,False,96,584,American,False
1476997,103005,Yama Japanese Restaurant,Japanese,14.55,Weekend,5,20,28,48,0.417,0.583,True,5.0,True,True,Medium,3,True,18,470,Japanese,False
1477519,140477,Momoya,Japanese,31.43,Weekend,Not given,24,17,41,0.585,0.415,False,,False,True,High,3,True,30,470,Japanese,False
1477004,250494,Five Guys Burgers and Fries,American,33.03,Weekend,5,29,15,44,0.659,0.341,True,5.0,True,True,High,8,True,29,584,American,False
1477536,105164,Piccolo Angolo,Italian,15.91,Weekend,4,26,26,52,0.5,0.5,True,4.0,True,True,Medium,1,False,2,298,Italian,True
1478313,160957,Momoya,Japanese,12.18,Weekend,4,27,25,52,0.519,0.481,True,4.0,True,True,Low,2,True,30,470,Japanese,False
1477290,361509,Shake Shack,American,19.35,Weekday,Not given,35,33,68,0.515,0.485,False,,False,False,Medium,2,True,219,584,American,False
1476648,169478,RedFarm Broadway,Chinese,19.35,Weekend,Not given,24,28,52,0.462,0.538,False,,False,True,Medium,3,True,59,215,Chinese,False
1476657,91192,Hill Country Fried Chicken,Southern,29.35,Weekend,4,26,24,50,0.52,0.48,True,4.0,True,True,High,1,False,14,17,Other,False
1478089,134294,Shake Shack,American,15.28,Weekday,4,30,29,59,0.508,0.492,True,4.0,True,False,Medium,1,False,219,584,American,False
1478026,365225,Pepe Rosso To Go,Italian,12.23,Weekday,3,24,24,48,0.5,0.5,True,3.0,False,False,Medium,3,True,7,298,Italian,False
1477768,279895,Shake Shack,American,9.6,Weekday,4,35,28,63,0.556,0.444,True,4.0,True,False,Low,1,False,219,584,American,False
1477424,81110,Han Dynasty,Chinese,12.95,Weekend,Not given,20,25,45,0.444,0.556,False,,False,True,Medium,5,True,46,215,Chinese,False
1478378,384391,Shake Shack,American,8.88,Weekend,5,27,23,50,0.54,0.46,True,5.0,True,True,Low,1,False,219,584,American,False
1477493,328357,Shake Shack,American,15.96,Weekend,3,30,21,51,0.588,0.412,True,3.0,False,True,Medium,1,False,219,584,American,False
1478092,41318,Jack's Wife Freda,Mediterranean,15.47,Weekend,5,33,16,49,0.673,0.327,True,5.0,True,True,Medium,1,False,25,46,Mediterranean,False
1477150,92832,Five Guys Burgers and Fries,American,12.23,Weekend,5,22,22,44,0.5,0.5,True,5.0,True,True,Medium,1,False,29,584,American,False
1478157,58871,Shake Shack,American,8.05,Weekday,4,25,27,52,0.481,0.519,True,4.0,True,False,Low,1,False,219,584,American,False
1478343,231042,Momoya,Japanese,8.54,Weekday,4,28,29,57,0.491,0.509,True,4.0,True,False,Low,2,True,30,470,Japanese,False
1476860,336162,Nobu Next Door,Japanese,29.15,Weekday,5,28,25,53,0.528,0.472,True,5.0,True,False,High,1,False,42,470,Japanese,False
1477675,76907,Han Dynasty,Chinese,7.23,Weekend,5,21,18,39,0.538,0.462,True,5.0,True,True,Low,2,True,46,215,Chinese,False
1476799,389740,L'Express,French,19.69,Weekend,3,26,17,43,0.605,0.395,True,3.0,False,True,High,2,True,6,18,Other,False
1476598,41168,Parm,Italian,12.13,Weekend,3,34,22,56,0.607,0.393,True,3.0,False,True,Low,2,True,68,298,Italian,False
1477277,59749,Bareburger,American,16.49,Weekday,Not given,31,27,58,0.534,0.466,False,,False,False,Medium,2,True,27,584,American,False
1476682,86731,Mission Cantina,Mexican,12.08,Weekend,Not given,30,18,48,0.625,0.375,False,,False,True,Low,2,True,5,77,Mexican,False
1477047,42832,5 Napkin Burger,American,9.27,Weekend,Not given,34,30,64,0.531,0.469,False,,False,True,Low,1,False,5,584,American,False
1478173,91005,Han Dynasty,Chinese,24.25,Weekend,5,33,26,59,0.559,0.441,True,5.0,True,True,High,1,False,46,215,Chinese,False
1477528,128963,Han Dynasty,Chinese,5.67,Weekday,4,21,31,52,0.404,0.596,True,4.0,True,False,Low,1,False,46,215,Chinese,False
1478426,124085,Blue Ribbon Sushi Bar & Grill,Japanese,14.12,Weekend,3,21,24,45,0.467,0.533,True,3.0,False,True,Medium,2,True,44,470,Japanese,False
1476696,231061,Han Dynasty,Chinese,33.03,Weekday,Not given,33,31,64,0.516,0.484,False,,False,False,High,4,True,46,215,Chinese,False
1478189,105138,Han Dynasty,Chinese,8.97,Weekend,4,33,19,52,0.635,0.365,True,4.0,True,True,Low,1,False,46,215,Chinese,False
1477532,95164,Amma,Indian,8.88,Weekday,4,27,24,51,0.529,0.471,True,4.0,True,False,Low,3,True,4,73,Indian,False
1477324,263426,Blue Ribbon Sushi Izakaya,Japanese,12.13,Weekday,5,30,29,59,0.508,0.492,True,5.0,True,False,Low,4,True,29,470,Japanese,False
1476698,142461,Delicatessen,American,11.64,Weekend,Not given,27,27,54,0.5,0.5,False,,False,True,Low,5,True,5,584,American,False
1478290,263199,Sushi of Gari 46,Japanese,31.43,Weekend,4,35,23,58,0.603,0.397,True,4.0,True,True,High,1,False,37,470,Japanese,False
1476919,387227,Blue Ribbon Sushi Bar & Grill,Japanese,13.15,Weekend,5,30,30,60,0.5,0.5,True,5.0,True,True,Medium,2,True,44,470,Japanese,False
1477247,385559,Blue Ribbon Fried Chicken,American,14.02,Weekend,5,20,28,48,0.417,0.583,True,5.0,True,True,Medium,1,False,96,584,American,False
1477794,127149,Sarabeth's East,American,9.41,Weekend,Not given,25,16,41,0.61,0.39,False,,False,True,Low,5,True,7,584,American,False
1477048,200074,Osteria Morini,Italian,9.07,Weekend,Not given,33,16,49,0.673,0.327,False,,False,True,Low,2,True,14,298,Italian,False
1477615,136876,Rubirosa,Italian,14.07,Weekend,5,35,16,51,0.686,0.314,True,5.0,True,True,Medium,1,False,37,298,Italian,False
1476566,103884,S'MAC,American,14.46,Weekend,Not given,34,17,51,0.667,0.333,False,,False,True,Medium,1,False,12,584,American,False
1477310,38612,Vanessa's Dumplings,Chinese,6.7,Weekend,5,20,17,37,0.541,0.459,True,5.0,True,True,Low,2,True,13,215,Chinese,False
1477758,334619,Blue Ribbon Sushi Izakaya,Japanese,14.07,Weekday,4,24,26,50,0.48,0.52,True,4.0,True,False,Medium,1,False,29,470,Japanese,False
1477765,92996,Tamarind TriBeCa,Indian,19.45,Weekend,4,29,19,48,0.604,0.396,True,4.0,True,True,High,1,False,27,73,Indian,False
1476753,195723,Cafe Habana,Mexican,13.97,Weekday,3,34,28,62,0.548,0.452,True,3.0,False,False,Medium,1,False,16,77,Mexican,False
1476759,268958,Sushi of Gari 46,Japanese,12.22,Weekend,4,24,20,44,0.545,0.455,True,4.0,True,True,Medium,3,True,37,470,Japanese,False
1477333,111356,Bhatti Indian Grill,Indian,29.25,Weekend,5,21,15,36,0.583,0.417,True,5.0,True,True,High,3,True,2,73,Indian,True
1476830,361509,Cafeteria,American,17.03,Weekend,Not given,34,20,54,0.63,0.37,False,,False,True,Medium,2,True,9,584,American,False
1478227,367591,Taro Sushi,Japanese,16.05,Weekday,5,35,32,67,0.522,0.478,True,5.0,True,False,Medium,1,False,1,470,Japanese,True
1476789,103005,Yama Japanese Restaurant,Japanese,17.08,Weekend,5,28,15,43,0.651,0.349,True,5.0,True,True,Medium,3,True,18,470,Japanese,False
1477603,399121,Blue Ribbon Sushi,Japanese,11.3,Weekday,Not given,24,24,48,0.5,0.5,False,,False,False,Low,1,False,119,470,Japanese,False
1478246,260680,Delicatessen,American,32.98,Weekend,5,34,16,50,0.68,0.32,True,5.0,True,True,High,3,True,5,584,American,False
1476931,124838,Hill Country Fried Chicken,Southern,29.15,Weekend,5,33,25,58,0.569,0.431,True,5.0,True,True,High,1,False,14,17,Other,False
1477029,295111,The Meatball Shop,Italian,13.0,Weekday,5,23,26,49,0.469,0.531,True,5.0,True,False,Medium,1,False,132,298,Italian,False
1476849,42052,Pepe Rosso To Go,Italian,13.73,Weekend,Not given,21,28,49,0.429,0.571,False,,False,True,Medium,2,True,7,298,Italian,False
1478179,52832,Han Dynasty,Chinese,12.23,Weekend,3,33,27,60,0.55,0.45,True,3.0,False,True,Medium,13,True,46,215,Chinese,False
1477679,120833,Bareburger,American,16.25,Weekend,Not given,29,15,44,0.659,0.341,False,,False,True,Medium,2,True,27,584,American,False
1477810,94483,Bistango,Italian,24.2,Weekend,Not given,28,21,49,0.571,0.429,False,,False,True,High,1,False,2,298,Italian,True
1477342,49631,The Meatball Shop,Italian,14.31,Weekend,Not given,23,17,40,0.575,0.425,False,,False,True,Medium,3,True,132,298,Italian,False
1478133,114085,Blue Ribbon Sushi Bar & Grill,Japanese,19.4,Weekend,Not given,28,20,48,0.583,0.417,False,,False,True,High,5,True,44,470,Japanese,False
1477756,251607,Shake Shack,American,14.12,Weekday,Not given,31,28,59,0.525,0.475,False,,False,False,Medium,1,False,219,584,American,False
1477721,72339,Donburi-ya,Japanese,14.7,Weekend,Not given,30,27,57,0.526,0.474,False,,False,True,Medium,2,True,7,470,Japanese,False
1476952,229946,Balthazar Boulangerie,French,15.52,Weekend,Not given,21,29,50,0.42,0.58,False,,False,True,Medium,5,True,10,18,Other,False
1477587,92726,Hatsuhana,Japanese,8.97,Weekend,4,25,26,51,0.49,0.51,True,4.0,True,True,Low,2,True,6,470,Japanese,False
1478210,320493,Vanessa's Dumplings,Chinese,29.2,Weekday,Not given,27,30,57,0.474,0.526,False,,False,False,High,2,True,13,215,Chinese,False
1477887,69348,RedFarm Broadway,Chinese,11.64,Weekend,3,26,21,47,0.553,0.447,True,3.0,False,True,Low,2,True,59,215,Chinese,False
1478366,270149,Samurai Mama,Japanese,11.64,Weekend,5,21,18,39,0.538,0.462,True,5.0,True,True,Low,1,False,1,470,Japanese,True
1478279,354016,Waverly Diner,American,19.4,Weekend,5,25,23,48,0.521,0.479,True,5.0,True,True,High,2,True,7,584,American,False
1476819,104548,Tarallucci e Vino Restaurant,Italian,29.1,Weekday,Not given,28,33,61,0.459,0.541,False,,False,False,High,3,True,2,298,Italian,True
1477394,105754,Momoya,Japanese,14.02,Weekday,4,24,30,54,0.444,0.556,True,4.0,True,False,Medium,2,True,30,470,Japanese,False
1476667,157578,P.J. Clarke's,American,6.11,Weekend,4,27,25,52,0.519,0.481,True,4.0,True,True,Low,2,True,15,584,American,False
1476975,350373,Blue Ribbon Fried Chicken,American,12.23,Weekend,4,21,26,47,0.447,0.553,True,4.0,True,True,Medium,1,False,96,584,American,False
1477909,47440,Blue Ribbon Fried Chicken,American,12.18,Weekend,Not given,31,23,54,0.574,0.426,False,,False,True,Low,10,True,96,584,American,False
1476579,85633,The Meatball Shop,Italian,24.2,Weekend,5,24,24,48,0.5,0.5,True,5.0,True,True,High,1,False,132,298,Italian,False
1477286,110091,The Meatball Shop,Italian,12.18,Weekend,Not given,27,17,44,0.614,0.386,False,,False,True,Low,2,True,132,298,Italian,False
1478436,95164,Amma,Indian,17.03,Weekend,Not given,28,19,47,0.596,0.404,False,,False,True,Medium,3,True,4,73,Indian,False
1476685,96877,The Meatball Shop,Italian,22.26,Weekday,4,30,26,56,0.536,0.464,True,4.0,True,False,High,4,True,132,298,Italian,False
1477912,261400,The Meatball Shop,Italian,19.45,Weekday,5,31,32,63,0.492,0.508,True,5.0,True,False,High,1,False,132,298,Italian,False
1476892,177078,Lantern Thai Kitchen,Thai,21.93,Weekday,Not given,22,25,47,0.468,0.532,False,,False,False,High,4,True,4,19,Other,False
1476882,68429,Shake Shack,American,15.76,Weekend,5,24,22,46,0.522,0.478,True,5.0,True,True,Medium,1,False,219,584,American,False
1477314,52832,ilili Restaurant,Middle Eastern,9.46,Weekday,4,25,25,50,0.5,0.5,True,4.0,True,False,Low,13,True,18,49,Middle Eastern,False
1477712,373633,Yama 49,Japanese,12.61,Weekday,5,23,28,51,0.451,0.549,True,5.0,True,False,Medium,1,False,5,470,Japanese,False
1477057,390490,Blue Ribbon Brooklyn,American,22.85,Weekend,3,23,19,42,0.548,0.452,True,3.0,False,True,High,1,False,4,584,American,False
1477926,72639,P.J. Clarke's,American,12.18,Weekend,3,22,28,50,0.44,0.56,True,3.0,False,True,Low,2,True,15,584,American,False
1477273,95644,RedFarm Broadway,Chinese,12.61,Weekday,Not given,26,27,53,0.491,0.509,False,,False,False,Medium,1,False,59,215,Chinese,False
1478003,129597,Otto Enoteca Pizzeria,Italian,12.13,Weekend,5,33,21,54,0.611,0.389,True,5.0,True,True,Low,1,False,12,298,Italian,False
1477522,101084,RedFarm Hudson,Chinese,12.13,Weekend,Not given,20,22,42,0.476,0.524,False,,False,True,Low,1,False,55,215,Chinese,False
1476947,46859,The Meatball Shop,Italian,8.54,Weekday,5,24,29,53,0.453,0.547,True,5.0,True,False,Low,2,True,132,298,Italian,False
1478295,117810,Momoya,Japanese,19.35,Weekday,Not given,29,24,53,0.547,0.453,False,,False,False,Medium,4,True,30,470,Japanese,False
1476551,49034,The Smile,American,12.18,Weekend,Not given,22,27,49,0.449,0.551,False,,False,True,Low,2,True,18,584,American,False
1476846,82041,Parm,Italian,22.8,Weekend,Not given,35,20,55,0.636,0.364,False,,False,True,High,7,True,68,298,Italian,False
1476974,142461,Shake Shack,American,12.13,Weekend,4,32,15,47,0.681,0.319,True,4.0,True,True,Low,5,True,219,584,American,False
1478005,97991,Blue Ribbon Sushi Bar & Grill,Japanese,19.45,Weekday,5,34,27,61,0.557,0.443,True,5.0,True,False,High,6,True,44,470,Japanese,False
1476653,113972,RedFarm Hudson,Chinese,12.13,Weekend,3,31,25,56,0.554,0.446,True,3.0,False,True,Low,4,True,55,215,Chinese,False
1476563,114085,Blue Ribbon Sushi Bar & Grill,Japanese,12.18,Weekend,Not given,24,18,42,0.571,0.429,False,,False,True,Low,5,True,44,470,Japanese,False
1478440,231042,Momoya,Japanese,12.13,Weekend,5,22,21,43,0.512,0.488,True,5.0,True,True,Low,2,True,30,470,Japanese,False
1477348,298824,Bareburger,American,12.56,Weekend,Not given,24,26,50,0.48,0.52,False,,False,True,Medium,3,True,27,584,American,False
1477525,52360,TAO,Japanese,24.3,Weekend,Not given,24,22,46,0.522,0.478,False,,False,True,High,1,False,49,470,Japanese,False
1477920,83504,Balthazar Boulangerie,French,29.15,Weekday,4,31,28,59,0.525,0.475,True,4.0,True,False,High,1,False,10,18,Other,False
1477797,194778,Shake Shack,American,16.06,Weekend,5,30,17,47,0.638,0.362,True,5.0,True,True,Medium,1,False,219,584,American,False
1477640,105992,RedFarm Broadway,Chinese,24.3,Weekend,5,27,29,56,0.482,0.518,True,5.0,True,True,High,1,False,59,215,Chinese,False
1477091,373486,Chipotle Mexican Grill $1.99 Delivery,Mexican,9.6,Weekend,3,23,26,49,0.469,0.531,True,3.0,False,True,Low,1,False,23,77,Mexican,False
1477010,49631,The Meatball Shop,Italian,19.4,Weekend,Not given,28,17,45,0.622,0.378,False,,False,True,High,3,True,132,298,Italian,False
1478324,250494,Blue Ribbon Fried Chicken,American,29.1,Weekend,4,21,22,43,0.488,0.512,True,4.0,True,True,High,8,True,96,584,American,False
1477908,378923,Vanessa's Dumpling House,Chinese,12.18,Weekend,Not given,27,18,45,0.6,0.4,False,,False,True,Low,1,False,9,215,Chinese,False
1477573,58898,RedFarm Broadway,Chinese,21.39,Weekend,5,23,24,47,0.489,0.511,True,5.0,True,True,High,4,True,59,215,Chinese,False
1476728,250494,Bubby's,American,24.25,Weekend,Not given,34,28,62,0.548,0.452,False,,False,True,High,8,True,3,584,American,True
1477815,144997,RedFarm Hudson,Chinese,32.93,Weekend,Not given,33,30,63,0.524,0.476,False,,False,True,High,3,True,55,215,Chinese,False
1477283,75115,RedFarm Hudson,Chinese,14.07,Weekday,Not given,20,32,52,0.385,0.615,False,,False,False,Medium,2,True,55,215,Chinese,False
1476856,59674,Woorijip,Korean,8.25,Weekend,3,26,26,52,0.5,0.5,True,3.0,False,True,Low,1,False,1,13,Other,True
1477265,115238,The Smile,American,19.4,Weekday,5,26,27,53,0.491,0.509,True,5.0,True,False,High,1,False,18,584,American,False
1477723,368663,Shake Shack,American,12.18,Weekend,4,23,28,51,0.451,0.549,True,4.0,True,True,Low,2,True,219,584,American,False
1478020,128353,The Meatball Shop,Italian,14.94,Weekend,5,32,25,57,0.561,0.439,True,5.0,True,True,Medium,1,False,132,298,Italian,False
1477729,355713,RedFarm Broadway,Chinese,14.26,Weekend,Not given,28,24,52,0.538,0.462,False,,False,True,Medium,2,True,59,215,Chinese,False
1477312,269793,Dirty Bird To Go (archived),American,8.54,Weekend,Not given,32,30,62,0.516,0.484,False,,False,True,Low,1,False,3,584,American,True
1476577,100778,The Meatball Shop,Italian,12.18,Weekend,Not given,25,28,53,0.472,0.528,False,,False,True,Low,2,True,132,298,Italian,False
1477032,60052,Rubirosa,Italian,29.1,Weekend,5,30,28,58,0.517,0.483,True,5.0,True,True,High,6,True,37,298,Italian,False
1478221,47280,Rubirosa,Italian,12.56,Weekend,4,31,17,48,0.646,0.354,True,4.0,True,True,Medium,5,True,37,298,Italian,False
1477747,183520,Blue Ribbon Sushi,Japanese,9.17,Weekend,3,25,28,53,0.472,0.528,True,3.0,False,True,Low,5,True,119,470,Japanese,False
1477389,391860,Lucky's Famous Burgers,American,16.2,Weekend,5,32,27,59,0.542,0.458,True,5.0,True,True,Medium,2,True,6,584,American,False
1477983,334373,Five Guys Burgers and Fries,American,14.12,Weekday,5,23,32,55,0.418,0.582,True,5.0,True,False,Medium,2,True,29,584,American,False
1477642,370405,Haveli Indian Restaurant,Indian,5.72,Weekend,3,24,26,50,0.48,0.52,True,3.0,False,True,Low,2,True,2,73,Indian,True
1478229,64153,Blue Ribbon Fried Chicken,American,21.34,Weekend,Not given,35,23,58,0.603,0.397,False,,False,True,High,5,True,96,584,American,False
1477270,314480,Shake Shack,American,6.79,Weekend,Not given,20,25,45,0.444,0.556,False,,False,True,Low,2,True,219,584,American,False
1477301,232035,Blue Ribbon Fried Chicken,American,12.18,Weekend,4,22,29,51,0.431,0.569,True,4.0,True,True,Low,5,True,96,584,American,False
1476821,80434,Bareburger,American,12.18,Weekend,Not given,33,18,51,0.647,0.353,False,,False,True,Low,1,False,27,584,American,False
1476979,81166,Dos Caminos,Mexican,6.11,Weekend,5,26,21,47,0.553,0.447,True,5.0,True,True,Low,2,True,8,77,Mexican,False
1477762,91397,Chipotle Mexican Grill $1.99 Delivery,Mexican,14.16,Weekday,Not given,22,24,46,0.478,0.522,False,,False,False,Medium,1,False,23,77,Mexican,False
1476906,237592,Shake Shack,American,5.68,Weekend,Not given,31,30,61,0.508,0.492,False,,False,True,Low,1,False,219,584,American,False
1476867,91879,da Umberto,Italian,12.27,Weekday,5,20,30,50,0.4,0.6,True,5.0,True,False,Medium,1,False,3,298,Italian,True
1477834,22405,The Meatball Shop,Italian,20.18,Weekend,4,32,26,58,0.552,0.448,True,4.0,True,True,High,1,False,132,298,Italian,False
1477577,290693,Shake Shack,American,14.02,Weekend,5,26,21,47,0.553,0.447,True,5.0,True,True,Medium,1,False,219,584,American,False
1477492,64658,Blue Ribbon Sushi Bar & Grill,Japanese,16.2,Weekday,5,27,27,54,0.5,0.5,True,5.0,True,False,Medium,1,False,44,470,Japanese,False
1476848,365401,Dirty Bird To Go (archived),American,15.57,Weekend,Not given,30,24,54,0.556,0.444,False,,False,True,Medium,1,False,3,584,American,True
1477870,301032,Mission Cantina,Mexican,14.45,Weekend,Not given,27,29,56,0.482,0.518,False,,False,True,Medium,5,True,5,77,Mexican,False
1477714,100536,Shake Shack,American,8.15,Weekend,Not given,26,17,43,0.605,0.395,False,,False,True,Low,1,False,219,584,American,False
1478075,232359,The Meatball Shop,American,29.25,Weekend,3,21,19,40,0.525,0.475,True,3.0,False,True,High,3,True,132,584,American,False
1477677,181782,Parm,Italian,8.78,Weekend,3,23,26,49,0.469,0.531,True,3.0,False,True,Low,2,True,68,298,Italian,False
1476589,146588,Sushi of Gari,Japanese,15.96,Weekend,5,23,22,45,0.511,0.489,True,5.0,True,True,Medium,4,True,16,470,Japanese,False
1477828,360844,Tamarind TriBeCa,Indian,8.59,Weekday,5,32,31,63,0.508,0.492,True,5.0,True,False,Low,3,True,27,73,Indian,False
1477680,353606,P.J. Clarke's,American,15.62,Weekday,5,27,32,59,0.458,0.542,True,5.0,True,False,Medium,1,False,15,584,American,False
1477468,109221,Tortaria,Mexican,13.0,Weekday,5,21,24,45,0.467,0.533,True,5.0,True,False,Medium,1,False,4,77,Mexican,False
1476619,78318,RedFarm Hudson,Chinese,12.23,Weekend,4,24,19,43,0.558,0.442,True,4.0,True,True,Medium,1,False,55,215,Chinese,False
1476702,152786,Cafe Habana,Mexican,25.22,Weekday,Not given,32,28,60,0.533,0.467,False,,False,False,High,3,True,16,77,Mexican,False
1478081,118776,Blue Ribbon Sushi Bar & Grill,Japanese,5.87,Weekend,4,31,20,51,0.608,0.392,True,4.0,True,True,Low,2,True,44,470,Japanese,False
1477598,81110,Hill Country Fried Chicken,Southern,24.2,Weekend,4,25,15,40,0.625,0.375,True,4.0,True,True,High,5,True,14,17,Other,False
1477624,104336,Shake Shack,American,19.45,Weekday,4,28,24,52,0.538,0.462,True,4.0,True,False,High,2,True,219,584,American,False
1476773,92806,Shake Shack,American,12.18,Weekend,Not given,29,22,51,0.569,0.431,False,,False,True,Low,3,True,219,584,American,False
1478299,130521,Lucky's Famous Burgers,American,6.01,Weekend,Not given,33,16,49,0.673,0.327,False,,False,True,Low,2,True,6,584,American,False
1477326,52031,Han Dynasty,Chinese,21.93,Weekend,Not given,24,20,44,0.545,0.455,False,,False,True,High,1,False,46,215,Chinese,False
1478152,304708,Parm,Italian,5.92,Weekend,3,21,25,46,0.457,0.543,True,3.0,False,True,Low,1,False,68,298,Italian,False
1478396,74925,Cafe Mogador,Middle Eastern,24.2,Weekend,4,32,22,54,0.593,0.407,True,4.0,True,True,High,1,False,18,49,Middle Eastern,False
1477537,104130,Blue Ribbon Sushi,Japanese,15.76,Weekend,Not given,30,26,56,0.536,0.464,False,,False,True,Medium,3,True,119,470,Japanese,False
1478372,133202,Sushi Samba,Japanese,6.11,Weekend,5,30,27,57,0.526,0.474,True,5.0,True,True,Low,4,True,11,470,Japanese,False
1478338,150865,Vanessa's Dumpling House,Chinese,5.72,Weekend,Not given,20,21,41,0.488,0.512,False,,False,True,Low,3,True,9,215,Chinese,False
1477025,331608,Shake Shack,American,19.4,Weekend,Not given,30,18,48,0.625,0.375,False,,False,True,High,1,False,219,584,American,False
1477158,363561,Shake Shack,American,8.49,Weekday,Not given,33,32,65,0.508,0.492,False,,False,False,Low,2,True,219,584,American,False
1477375,235620,Shake Shack,American,32.93,Weekend,Not given,32,25,57,0.561,0.439,False,,False,True,High,2,True,219,584,American,False
1478316,118975,Shake Shack,American,12.23,Weekend,Not given,20,27,47,0.426,0.574,False,,False,True,Medium,2,True,219,584,American,False
1476553,128224,Osteria Morini,Italian,9.17,Weekend,Not given,25,22,47,0.532,0.468,False,,False,True,Low,3,True,14,298,Italian,False
1478330,109419,The Meatball Shop,Italian,11.69,Weekend,Not given,30,21,51,0.588,0.412,False,,False,True,Low,1,False,132,298,Italian,False
1476999,63417,Pepe Rosso To Go,Italian,24.2,Weekend,3,27,19,46,0.587,0.413,True,3.0,False,True,High,1,False,7,298,Italian,False
1476569,55334,Sushi of Gari Tribeca,Japanese,9.85,Weekend,Not given,26,17,43,0.605,0.395,False,,False,True,Low,3,True,24,470,Japanese,False
1477040,301618,Vanessa's Dumplings,Chinese,25.22,Weekday,Not given,32,24,56,0.571,0.429,False,,False,False,High,1,False,13,215,Chinese,False
1476599,47386,Bubby's,American,22.75,Weekend,5,32,16,48,0.667,0.333,True,5.0,True,True,High,3,True,3,584,American,True
1476548,122609,Blue Ribbon Sushi,Japanese,6.84,Weekend,4,20,30,50,0.4,0.6,True,4.0,True,True,Low,4,True,119,470,Japanese,False
1477099,391746,Blue Ribbon Sushi,Japanese,24.3,Weekend,4,35,18,53,0.66,0.34,True,4.0,True,True,High,1,False,119,470,Japanese,False
1477508,62027,Momoya,Japanese,19.35,Weekend,4,27,28,55,0.491,0.509,True,4.0,True,True,Medium,1,False,30,470,Japanese,False
1478067,237616,Shake Shack,American,12.13,Weekday,3,22,27,49,0.449,0.551,True,3.0,False,False,Low,3,True,219,584,American,False
1476946,103526,Burger Joint,American,9.02,Weekday,5,24,29,53,0.453,0.547,True,5.0,True,False,Low,1,False,12,584,American,False
1477339,68965,RedFarm Hudson,Chinese,12.18,Weekend,Not given,20,18,38,0.526,0.474,False,,False,True,Low,1,False,55,215,Chinese,False
1477490,232035,ilili Restaurant,Middle Eastern,9.17,Weekend,Not given,26,19,45,0.578,0.422,False,,False,True,Low,5,True,18,49,Middle Eastern,False
1477135,62359,Pylos,Mediterranean,19.4,Weekend,Not given,28,29,57,0.491,0.509,False,,False,True,High,5,True,5,46,Mediterranean,False
1477931,403833,Room Service,Thai,6.69,Weekday,Not given,25,32,57,0.439,0.561,False,,False,False,Low,1,False,3,19,Other,True
1477822,61588,Blue Ribbon Sushi,Japanese,5.82,Weekend,Not given,34,27,61,0.557,0.443,False,,False,True,Low,2,True,119,470,Japanese,False
1477360,91907,Sarabeth's Restaurant,American,12.08,Weekend,Not given,28,26,54,0.519,0.481,False,,False,True,Low,3,True,7,584,American,False
1477163,376578,Shake Shack,American,15.76,Weekend,5,32,24,56,0.571,0.429,True,5.0,True,True,Medium,3,True,219,584,American,False
1476732,212469,Blue Ribbon Fried Chicken,American,33.03,Weekend,5,34,24,58,0.586,0.414,True,5.0,True,True,High,1,False,96,584,American,False
1477987,104563,Blue Ribbon Sushi,Japanese,24.25,Weekend,4,24,23,47,0.511,0.489,True,4.0,True,True,High,1,False,119,470,Japanese,False
1478315,235818,Shake Shack,American,12.13,Weekend,Not given,30,19,49,0.612,0.388,False,,False,True,Low,3,True,219,584,American,False
1476941,127149,Sarabeth's East,American,5.72,Weekend,Not given,33,26,59,0.559,0.441,False,,False,True,Low,5,True,7,584,American,False
1477014,399520,Xe May Sandwich Shop,Vietnamese,7.96,Weekend,5,25,29,54,0.463,0.537,True,5.0,True,True,Low,2,True,2,7,Other,True
1476640,142773,Hibino,Japanese,14.02,Weekend,4,28,15,43,0.651,0.349,True,4.0,True,True,Medium,1,False,1,470,Japanese,True
1478272,318874,The Kati Roll Company,Indian,14.07,Weekend,5,33,17,50,0.66,0.34,True,5.0,True,True,Medium,2,True,16,73,Indian,False
1477026,355592,Café China,Chinese,21.83,Weekend,4,32,15,47,0.681,0.319,True,4.0,True,True,High,2,True,6,215,Chinese,False
1476897,197265,Hill Country Fried Chicken,Southern,29.15,Weekend,Not given,20,17,37,0.541,0.459,False,,False,True,High,1,False,14,17,Other,False
1476560,149508,Shake Shack,American,22.26,Weekend,4,32,17,49,0.653,0.347,True,4.0,True,True,High,1,False,219,584,American,False
1477007,342882,Yama Japanese Restaurant,Japanese,5.82,Weekend,Not given,30,30,60,0.5,0.5,False,,False,True,Low,1,False,18,470,Japanese,False
1477958,309981,Blue Ribbon Fried Chicken,American,29.1,Weekend,Not given,31,27,58,0.534,0.466,False,,False,True,High,1,False,96,584,American,False
1478102,165695,The Smile,American,13.39,Weekend,Not given,20,16,36,0.556,0.444,False,,False,True,Medium,3,True,18,584,American,False
1478088,77540,Nobu Next Door,Japanese,9.7,Weekend,5,30,29,59,0.508,0.492,True,5.0,True,True,Low,2,True,42,470,Japanese,False
1478252,94167,Dos Caminos,Mexican,22.36,Weekend,Not given,30,26,56,0.536,0.464,False,,False,True,High,1,False,8,77,Mexican,False
1477964,165130,The Meatball Shop,Italian,12.13,Weekday,4,22,32,54,0.407,0.593,True,4.0,True,False,Low,1,False,132,298,Italian,False
1477708,141908,Bareburger,American,6.07,Weekend,4,23,15,38,0.605,0.395,True,4.0,True,True,Low,1,False,27,584,American,False
1476623,277898,Blue Ribbon Fried Chicken,American,24.3,Weekend,5,22,26,48,0.458,0.542,True,5.0,True,True,High,4,True,96,584,American,False
1476912,149386,Yama Japanese Restaurant,Japanese,8.78,Weekend,4,22,28,50,0.44,0.56,True,4.0,True,True,Low,1,False,18,470,Japanese,False
1478104,75722,Osteria Morini,Italian,24.25,Weekday,Not given,22,24,46,0.478,0.522,False,,False,False,High,2,True,14,298,Italian,False
1478065,212326,RedFarm Broadway,Chinese,20.18,Weekday,Not given,30,26,56,0.536,0.464,False,,False,False,High,2,True,59,215,Chinese,False
1477196,50123,Cafe Habana,Mexican,4.85,Weekend,5,28,22,50,0.56,0.44,True,5.0,True,True,Low,1,False,16,77,Mexican,False
1477531,52463,RedFarm Broadway,Chinese,6.06,Weekend,3,32,18,50,0.64,0.36,True,3.0,False,True,Low,2,True,59,215,Chinese,False
1476580,331143,Waverly Diner,American,6.84,Weekend,Not given,24,18,42,0.571,0.429,False,,False,True,Low,4,True,7,584,American,False
1477844,134340,Mira Sushi,Japanese,13.05,Weekend,4,33,29,62,0.532,0.468,True,4.0,True,True,Medium,1,False,2,470,Japanese,True
1477192,374286,Vanessa's Dumpling House,Chinese,5.92,Weekday,Not given,30,32,62,0.484,0.516,False,,False,False,Low,1,False,9,215,Chinese,False
1476618,351749,Shake Shack,American,12.13,Weekday,5,30,26,56,0.536,0.464,True,5.0,True,False,Low,1,False,219,584,American,False
1477256,196355,Shake Shack,American,12.18,Weekday,5,23,31,54,0.426,0.574,True,5.0,True,False,Low,2,True,219,584,American,False
1477919,75484,Five Guys Burgers and Fries,American,29.15,Weekend,Not given,20,16,36,0.556,0.444,False,,False,True,High,2,True,29,584,American,False
1478120,47440,Blue Ribbon Fried Chicken,American,8.1,Weekend,Not given,33,22,55,0.6,0.4,False,,False,True,Low,10,True,96,584,American,False
1477791,300549,Shake Shack,American,7.23,Weekend,3,29,18,47,0.617,0.383,True,3.0,False,True,Low,1,False,219,584,American,False
1477806,195927,Boqueria,Spanish,12.66,Weekend,Not given,27,30,57,0.474,0.526,False,,False,True,Medium,3,True,9,12,Other,False
1477631,115519,The Meatball Shop,Italian,12.23,Weekend,4,31,28,59,0.525,0.475,True,4.0,True,True,Medium,3,True,132,298,Italian,False
1477566,211697,Shake Shack,American,9.07,Weekday,4,21,32,53,0.396,0.604,True,4.0,True,False,Low,2,True,219,584,American,False
1477156,93797,ilili Restaurant,Middle Eastern,6.02,Weekday,Not given,27,29,56,0.482,0.518,False,,False,False,Low,2,True,18,49,Middle Eastern,False
1478136,61388,Five Guys Burgers and Fries,American,14.12,Weekend,4,27,27,54,0.5,0.5,True,4.0,True,True,Medium,1,False,29,584,American,False
1477690,370096,Melt Shop,American,21.93,Weekend,5,30,18,48,0.625,0.375,True,5.0,True,True,High,2,True,11,584,American,False
1477237,59217,Jack's Wife Freda,Mediterranean,16.15,Weekend,4,26,22,48,0.542,0.458,True,4.0,True,True,Medium,1,False,25,46,Mediterranean,False
1477107,211697,Shake Shack,American,7.08,Weekend,4,25,23,48,0.521,0.479,True,4.0,True,True,Low,2,True,219,584,American,False
1478108,87188,Momoya,Japanese,32.93,Weekday,3,28,27,55,0.509,0.491,True,3.0,False,False,High,1,False,30,470,Japanese,False
1478047,127934,Blue Ribbon Fried Chicken,American,12.13,Weekend,Not given,20,26,46,0.435,0.565,False,,False,True,Low,3,True,96,584,American,False
1477535,125123,S'MAC,American,15.57,Weekend,5,34,28,62,0.548,0.452,True,5.0,True,True,Medium,5,True,12,584,American,False
1477517,77793,The Meatball Shop,Italian,29.15,Weekend,5,23,30,53,0.434,0.566,True,5.0,True,True,High,1,False,132,298,Italian,False
1478029,403019,S'MAC,American,15.47,Weekday,5,31,32,63,0.492,0.508,True,5.0,True,False,Medium,1,False,12,584,American,False
1476585,141918,S'MAC,American,12.37,Weekend,4,30,28,58,0.517,0.483,True,4.0,True,True,Medium,1,False,12,584,American,False
1477620,148320,Tamarind TriBeCa,Indian,16.49,Weekday,Not given,31,28,59,0.525,0.475,False,,False,False,Medium,1,False,27,73,Indian,False
1476664,164016,Blue Ribbon Fried Chicken,American,24.3,Weekday,5,20,27,47,0.426,0.574,True,5.0,True,False,High,3,True,96,584,American,False
1478422,197832,The Meatball Shop,Italian,14.84,Weekend,Not given,20,28,48,0.417,0.583,False,,False,True,Medium,2,True,132,298,Italian,False
1477482,114919,Yama Japanese Restaurant,Japanese,25.27,Weekend,Not given,30,16,46,0.652,0.348,False,,False,True,High,2,True,18,470,Japanese,False
1477271,94152,The Meatball Shop,Italian,17.08,Weekday,5,22,26,48,0.458,0.542,True,5.0,True,False,Medium,5,True,132,298,Italian,False
1477094,384571,Blue Ribbon Fried Chicken,American,22.31,Weekday,5,28,27,55,0.509,0.491,True,5.0,True,False,High,1,False,96,584,American,False
1477722,347263,Dos Caminos,Mexican,12.08,Weekday,5,26,26,52,0.5,0.5,True,5.0,True,False,Low,3,True,8,77,Mexican,False
1476831,169478,RedFarm Broadway,Chinese,12.61,Weekend,4,32,17,49,0.653,0.347,True,4.0,True,True,Medium,3,True,59,215,Chinese,False
1477843,241719,Blue Ribbon Sushi Izakaya,Japanese,13.1,Weekday,5,24,28,52,0.462,0.538,True,5.0,True,False,Medium,5,True,29,470,Japanese,False
1477323,59181,RedFarm Hudson,Chinese,12.13,Weekend,5,28,29,57,0.491,0.509,True,5.0,True,True,Low,1,False,55,215,Chinese,False
1477066,376381,Shake Shack,American,8.25,Weekend,Not given,30,15,45,0.667,0.333,False,,False,True,Low,1,False,219,584,American,False
1477914,366975,Blue Ribbon Sushi Bar & Grill,Japanese,16.39,Weekend,Not given,31,18,49,0.633,0.367,False,,False,True,Medium,3,True,44,470,Japanese,False
1478064,221430,Han Dynasty,Chinese,14.75,Weekend,Not given,30,16,46,0.652,0.348,False,,False,True,Medium,1,False,46,215,Chinese,False
1477711,67647,J. G. Melon,American,12.66,Weekend,4,23,20,43,0.535,0.465,True,4.0,True,True,Medium,1,False,15,584,American,False
1477410,39011,Mamoun's Falafel,Mediterranean,9.07,Weekend,Not given,20,24,44,0.455,0.545,False,,False,True,Low,1,False,7,46,Mediterranean,False
1477278,347263,Hummus Place,Middle Eastern,16.15,Weekend,4,30,28,58,0.517,0.483,True,4.0,True,True,Medium,3,True,3,49,Middle Eastern,True
1477663,93133,Nobu Next Door,Japanese,29.29,Weekday,4,30,24,54,0.556,0.444,True,4.0,True,False,High,3,True,42,470,Japanese,False
1477195,64830,Cafeteria,American,20.47,Weekday,3,32,24,56,0.571,0.429,True,3.0,False,False,High,2,True,9,584,American,False
1477737,104548,Tarallucci e Vino Restaurant,Italian,11.59,Weekend,Not given,21,15,36,0.583,0.417,False,,False,True,Low,3,True,2,298,Italian,True
1477058,65779,The Kati Roll Company,Indian,24.35,Weekday,Not given,33,29,62,0.532,0.468,False,,False,False,High,1,False,16,73,Indian,False
1476996,149984,Sushi of Gari 46,Japanese,16.44,Weekend,4,24,27,51,0.471,0.529,True,4.0,True,True,Medium,4,True,37,470,Japanese,False
1477193,304291,P.J. Clarke's,American,5.92,Weekday,3,33,30,63,0.524,0.476,True,3.0,False,False,Low,1,False,15,584,American,False
1476596,199735,The Meatball Shop,Italian,14.12,Weekend,Not given,32,18,50,0.64,0.36,False,,False,True,Medium,1,False,132,298,Italian,False
1477154,143796,S'MAC,American,5.92,Weekday,4,34,30,64,0.531,0.469,True,4.0,True,False,Low,1,False,12,584,American,False
1478278,42755,Blue Ribbon Fried Chicken,American,13.0,Weekend,Not given,29,30,59,0.492,0.508,False,,False,True,Medium,4,True,96,584,American,False
1478355,68103,The Meatball Shop,Italian,21.83,Weekend,4,30,20,50,0.6,0.4,True,4.0,True,True,High,1,False,132,298,Italian,False
1476557,348787,Otto Enoteca Pizzeria,Italian,16.15,Weekend,Not given,35,22,57,0.614,0.386,False,,False,True,Medium,2,True,12,298,Italian,False
1477264,35774,The Meatball Shop,Italian,12.23,Weekday,Not given,28,33,61,0.459,0.541,False,,False,False,Medium,1,False,132,298,Italian,False
1476806,203370,Chipotle Mexican Grill $1.99 Delivery,Mexican,24.3,Weekday,Not given,21,33,54,0.389,0.611,False,,False,False,High,2,True,23,77,Mexican,False
1478000,167136,ilili Restaurant,Middle Eastern,29.05,Weekend,Not given,24,29,53,0.453,0.547,False,,False,True,High,1,False,18,49,Middle Eastern,False
1478159,57943,Shake Shack,American,15.76,Weekend,3,35,29,64,0.547,0.453,True,3.0,False,True,Medium,3,True,219,584,American,False
1476910,397362,TAO,Japanese,8.1,Weekend,5,32,16,48,0.667,0.333,True,5.0,True,True,Low,1,False,49,470,Japanese,False
1476660,47280,Blue Ribbon Sushi,Japanese,12.18,Weekend,5,34,29,63,0.54,0.46,True,5.0,True,True,Low,5,True,119,470,Japanese,False
1477558,268365,Cafe Mogador,Middle Eastern,25.17,Weekend,4,23,30,53,0.434,0.566,True,4.0,True,True,High,2,True,18,49,Middle Eastern,False
1477458,114247,Shake Shack,American,20.23,Weekend,Not given,32,18,50,0.64,0.36,False,,False,True,High,1,False,219,584,American,False
1477233,110138,Saravanaa Bhavan,Indian,9.12,Weekday,5,28,28,56,0.5,0.5,True,5.0,True,False,Low,1,False,5,73,Indian,False
1477772,91958,TAO,Japanese,12.18,Weekday,Not given,26,33,59,0.441,0.559,False,,False,False,Low,2,True,49,470,Japanese,False
1477319,145389,Westville Hudson,American,20.23,Weekday,Not given,31,29,60,0.517,0.483,False,,False,False,High,2,True,15,584,American,False
1477731,122609,Blue Ribbon Sushi Izakaya,Japanese,24.25,Weekend,5,33,21,54,0.611,0.389,True,5.0,True,True,High,4,True,29,470,Japanese,False
1477571,121476,Blue Ribbon Fried Chicken,American,16.2,Weekend,Not given,32,23,55,0.582,0.418,False,,False,True,Medium,2,True,96,584,American,False
1477274,96877,Melt Shop,American,9.12,Weekday,Not given,29,33,62,0.468,0.532,False,,False,False,Low,4,True,11,584,American,False
1477276,304449,Friend of a Farmer,American,9.75,Weekend,Not given,26,30,56,0.464,0.536,False,,False,True,Low,1,False,3,584,American,True
1478046,53289,The Loop,Japanese,31.38,Weekend,4,26,24,50,0.52,0.48,True,4.0,True,True,High,2,True,4,470,Japanese,False
1478398,137617,Blue Ribbon Fried Chicken,American,24.3,Weekend,5,34,21,55,0.618,0.382,True,5.0,True,True,High,1,False,96,584,American,False
1477991,69713,The Meatball Shop,Italian,19.35,Weekend,5,21,23,44,0.477,0.523,True,5.0,True,True,Medium,1,False,132,298,Italian,False
1478267,93065,Han Dynasty,Chinese,14.16,Weekend,Not given,30,23,53,0.566,0.434,False,,False,True,Medium,1,False,46,215,Chinese,False
1477901,353676,indikitch,Indian,9.26,Weekend,5,33,26,59,0.559,0.441,True,5.0,True,True,Low,2,True,4,73,Indian,False
1478247,104555,Sushi of Gari,Japanese,32.98,Weekend,4,34,21,55,0.618,0.382,True,4.0,True,True,High,3,True,16,470,Japanese,False
1477875,154022,Blue Ribbon Sushi Bar & Grill,Japanese,12.18,Weekend,5,22,18,40,0.55,0.45,True,5.0,True,True,Low,2,True,44,470,Japanese,False
1476749,351799,Sushi of Gari Tribeca,Japanese,9.55,Weekend,4,35,25,60,0.583,0.417,True,4.0,True,True,Low,2,True,24,470,Japanese,False
1477600,347263,Hangawi,Korean,6.74,Weekend,Not given,21,22,43,0.488,0.512,False,,False,True,Low,3,True,2,13,Other,True
1477500,152786,Cafe Habana,Mexican,14.07,Weekend,4,26,21,47,0.553,0.447,True,4.0,True,True,Medium,3,True,16,77,Mexican,False
1477498,103500,RedFarm Hudson,Chinese,14.02,Weekend,Not given,29,22,51,0.569,0.431,False,,False,True,Medium,1,False,55,215,Chinese,False
1478337,100527,Empanada Mama (closed),Mexican,5.92,Weekday,3,34,25,59,0.576,0.424,True,3.0,False,False,Low,1,False,13,77,Mexican,False
1476736,60835,Nobu Next Door,Japanese,12.46,Weekend,4,35,28,63,0.556,0.444,True,4.0,True,True,Medium,3,True,42,470,Japanese,False
1477372,55227,Sushi of Gari Tribeca,Japanese,29.2,Weekend,5,32,22,54,0.593,0.407,True,5.0,True,True,High,1,False,24,470,Japanese,False
1477126,41409,Nobu Next Door,Japanese,15.76,Weekday,Not given,33,31,64,0.516,0.484,False,,False,False,Medium,3,True,42,470,Japanese,False
1478158,232035,Balade,Middle Eastern,9.22,Weekday,5,25,24,49,0.51,0.49,True,5.0,True,False,Low,5,True,1,49,Middle Eastern,True
1476586,173667,Osteria Morini,Italian,8.88,Weekend,Not given,34,26,60,0.567,0.433,False,,False,True,Low,1,False,14,298,Italian,False
1477951,242689,The Odeon,American,13.92,Weekend,Not given,34,23,57,0.596,0.404,False,,False,True,Medium,1,False,3,584,American,True
1477472,67845,RedFarm Hudson,Chinese,29.34,Weekend,5,27,29,56,0.482,0.518,True,5.0,True,True,High,1,False,55,215,Chinese,False
1476738,233614,Yama 49,Japanese,22.36,Weekend,Not given,33,25,58,0.569,0.431,False,,False,True,High,1,False,5,470,Japanese,False
1477445,97079,Donburi-ya,Japanese,5.77,Weekend,Not given,27,29,56,0.482,0.518,False,,False,True,Low,6,True,7,470,Japanese,False
1477738,97346,Osteria Morini,Italian,12.13,Weekend,5,22,26,48,0.458,0.542,True,5.0,True,True,Low,4,True,14,298,Italian,False
1477403,87603,The Meatball Shop,American,6.69,Weekend,4,27,27,54,0.5,0.5,True,4.0,True,True,Low,1,False,132,584,American,False
1477392,203370,Chipotle Mexican Grill $1.99 Delivery,Mexican,15.57,Weekend,4,31,20,51,0.608,0.392,True,4.0,True,True,Medium,2,True,23,77,Mexican,False
1476877,53289,The Loop,Japanese,4.66,Weekend,Not given,34,25,59,0.576,0.424,False,,False,True,Low,2,True,4,470,Japanese,False
1477877,360844,RedFarm Broadway,Chinese,19.35,Weekend,5,33,18,51,0.647,0.353,True,5.0,True,True,Medium,3,True,59,215,Chinese,False
1477586,84087,The Meatball Shop,Italian,8.78,Weekday,5,34,33,67,0.507,0.493,True,5.0,True,False,Low,5,True,132,298,Italian,False
1477936,133202,Blue Ribbon Sushi,Japanese,9.17,Weekend,Not given,27,29,56,0.482,0.518,False,,False,True,Low,4,True,119,470,Japanese,False
1478209,63141,Shake Shack,American,29.1,Weekend,Not given,23,28,51,0.451,0.549,False,,False,True,High,1,False,219,584,American,False
1477643,139827,RedFarm Hudson,Chinese,5.77,Weekend,4,33,28,61,0.541,0.459,True,4.0,True,True,Low,1,False,55,215,Chinese,False
1477809,148499,Posto,Italian,24.25,Weekend,Not given,23,25,48,0.479,0.521,False,,False,True,High,1,False,1,298,Italian,True
1478380,110091,The Meatball Shop,Italian,9.41,Weekday,5,30,32,62,0.484,0.516,True,5.0,True,False,Low,2,True,132,298,Italian,False
1477516,52256,Han Dynasty,Chinese,29.15,Weekend,Not given,31,19,50,0.62,0.38,False,,False,True,High,3,True,46,215,Chinese,False
1476915,142273,Pepe Rosso To Go,Italian,15.57,Weekend,5,29,27,56,0.518,0.482,True,5.0,True,True,Medium,1,False,7,298,Italian,False
1478109,87006,Nobu Next Door,Japanese,11.59,Weekend,5,26,24,50,0.52,0.48,True,5.0,True,True,Low,4,True,42,470,Japanese,False
1476914,141445,Parm,Italian,16.3,Weekend,3,26,23,49,0.531,0.469,True,3.0,False,True,Medium,1,False,68,298,Italian,False
1477463,66505,Mamoun's Falafel,Mediterranean,12.18,Weekday,5,25,30,55,0.455,0.545,True,5.0,True,False,Low,1,False,7,46,Mediterranean,False
1477521,113972,RedFarm Hudson,Chinese,12.08,Weekday,Not given,21,26,47,0.447,0.553,False,,False,False,Low,4,True,55,215,Chinese,False
1477427,291891,The Kati Roll Company,Indian,17.03,Weekend,5,24,22,46,0.522,0.478,True,5.0,True,True,Medium,2,True,16,73,Indian,False
1476944,105614,Terakawa Ramen,Japanese,8.54,Weekday,3,27,25,52,0.519,0.481,True,3.0,False,False,Low,1,False,3,470,Japanese,True
1477929,87006,Nobu Next Door,Japanese,6.74,Weekend,Not given,31,29,60,0.517,0.483,False,,False,True,Low,4,True,42,470,Japanese,False
1477220,41249,Kambi Ramen House,Japanese,32.93,Weekend,5,35,19,54,0.648,0.352,True,5.0,True,True,High,1,False,1,470,Japanese,True
1476866,42018,Blue Ribbon Sushi,Japanese,12.18,Weekday,Not given,34,32,66,0.515,0.485,False,,False,False,Low,2,True,119,470,Japanese,False
1477037,79215,Blue Ribbon Sushi,Japanese,12.23,Weekend,3,33,21,54,0.611,0.389,True,3.0,False,True,Medium,4,True,119,470,Japanese,False
1477495,92806,Shake Shack,American,14.94,Weekday,Not given,33,31,64,0.516,0.484,False,,False,False,Medium,3,True,219,584,American,False
1477248,349123,Shake Shack,American,12.95,Weekday,5,20,30,50,0.4,0.6,True,5.0,True,False,Medium,1,False,219,584,American,False
1476740,60873,Jack's Wife Freda,Mediterranean,25.17,Weekday,4,31,25,56,0.554,0.446,True,4.0,True,False,High,1,False,25,46,Mediterranean,False
1477238,87727,Blue Ribbon Sushi,Japanese,13.87,Weekend,Not given,28,28,56,0.5,0.5,False,,False,True,Medium,1,False,119,470,Japanese,False
1478052,77544,Shake Shack,American,24.3,Weekend,4,35,16,51,0.686,0.314,True,4.0,True,True,High,2,True,219,584,American,False
1477130,365469,Wo Hop Restaurant,Chinese,14.16,Weekend,4,22,16,38,0.579,0.421,True,4.0,True,True,Medium,1,False,1,215,Chinese,True
1477856,143984,The Smile,American,25.17,Weekend,3,31,15,46,0.674,0.326,True,3.0,False,True,High,3,True,18,584,American,False
1477592,87357,Shake Shack,American,31.43,Weekend,5,30,19,49,0.612,0.388,True,5.0,True,True,High,2,True,219,584,American,False
1477659,54093,Shake Shack,American,13.0,Weekend,Not given,20,18,38,0.526,0.474,False,,False,True,Medium,1,False,219,584,American,False
1477661,122852,Blue Ribbon Fried Chicken,American,24.2,Weekend,Not given,28,29,57,0.491,0.509,False,,False,True,High,1,False,96,584,American,False
1477230,284455,Shake Shack,American,12.66,Weekend,5,35,24,59,0.593,0.407,True,5.0,True,True,Medium,1,False,219,584,American,False
1476624,117810,Momoya,Japanese,6.84,Weekday,Not given,21,24,45,0.467,0.533,False,,False,False,Low,4,True,30,470,Japanese,False
1477832,100778,Spice Thai,Thai,15.86,Weekend,Not given,34,25,59,0.576,0.424,False,,False,True,Medium,2,True,1,19,Other,True
1477749,362842,Cafe Habana,Mexican,9.75,Weekday,5,34,30,64,0.531,0.469,True,5.0,True,False,Low,1,False,16,77,Mexican,False
1478037,97346,da Umberto,Italian,7.61,Weekend,Not given,23,26,49,0.469,0.531,False,,False,True,Low,4,True,3,298,Italian,True
1477109,208020,Sushi of Gari 46,Japanese,29.05,Weekend,Not given,21,23,44,0.477,0.523,False,,False,True,High,2,True,37,470,Japanese,False
1476902,165110,Room Service,Thai,22.31,Weekend,Not given,22,15,37,0.595,0.405,False,,False,True,High,2,True,3,19,Other,True
1476916,52832,Dickson's Farmstand Meats,American,15.72,Weekend,4,23,28,51,0.451,0.549,True,4.0,True,True,Medium,13,True,3,584,American,True
1476703,405334,TAO,Japanese,25.22,Weekend,Not given,26,16,42,0.619,0.381,False,,False,True,High,1,False,49,470,Japanese,False
1477785,77306,Xi'an Famous Foods,Chinese,24.3,Weekend,4,32,29,61,0.525,0.475,True,4.0,True,True,High,1,False,9,215,Chinese,False
1476650,88201,J. G. Melon,American,8.35,Weekend,5,29,23,52,0.558,0.442,True,5.0,True,True,Low,1,False,15,584,American,False
1476643,88185,Momoya,Japanese,22.85,Weekend,4,32,17,49,0.653,0.347,True,4.0,True,True,High,1,False,30,470,Japanese,False
1477371,369452,UVA Wine Bar & Restaurant,Italian,29.15,Weekend,Not given,29,30,59,0.492,0.508,False,,False,True,High,1,False,2,298,Italian,True
1476994,141576,Blue Ribbon Sushi Bar & Grill,Japanese,19.35,Weekday,5,23,28,51,0.451,0.549,True,5.0,True,False,Medium,1,False,44,470,Japanese,False
1476934,126134,Jack's Wife Freda,Mediterranean,32.93,Weekend,3,21,16,37,0.568,0.432,True,3.0,False,True,High,1,False,25,46,Mediterranean,False
1476954,97370,Momoya,Japanese,14.21,Weekend,Not given,24,30,54,0.444,0.556,False,,False,True,Medium,1,False,30,470,Japanese,False
1478160,52832,Donburi-ya,Japanese,15.86,Weekday,5,28,28,56,0.5,0.5,True,5.0,True,False,Medium,13,True,7,470,Japanese,False
1478228,86233,TAO,Japanese,15.28,Weekend,4,33,22,55,0.6,0.4,True,4.0,True,True,Medium,1,False,49,470,Japanese,False
1478002,348096,The Meatball Shop,Italian,12.13,Weekend,5,34,16,50,0.68,0.32,True,5.0,True,True,Low,4,True,132,298,Italian,False
1478112,232542,The Meatball Shop,Italian,22.36,Weekend,4,35,21,56,0.625,0.375,True,4.0,True,True,High,1,False,132,298,Italian,False
1478114,237616,Shake Shack,American,5.68,Weekend,Not given,26,18,44,0.591,0.409,False,,False,True,Low,3,True,219,584,American,False
1477400,68775,Sushi of Gari Tribeca,Japanese,29.15,Weekend,4,22,17,39,0.564,0.436,True,4.0,True,True,High,3,True,24,470,Japanese,False
1478274,374826,Waverly Diner,American,22.8,Weekend,4,25,21,46,0.543,0.457,True,4.0,True,True,High,2,True,7,584,American,False
1477804,381020,The Meatball Shop,Italian,19.45,Weekend,5,21,19,40,0.525,0.475,True,5.0,True,True,High,3,True,132,298,Italian,False
1477572,150865,Vanessa's Dumpling House,Chinese,15.52,Weekend,5,20,23,43,0.465,0.535,True,5.0,True,True,Medium,3,True,9,215,Chinese,False
1476904,60845,Blue Ribbon Sushi,Japanese,25.27,Weekend,3,20,20,40,0.5,0.5,True,3.0,False,True,High,1,False,119,470,Japanese,False
1477336,94480,The Meatball Shop,Italian,32.93,Weekend,5,34,29,63,0.54,0.46,True,5.0,True,True,High,3,True,132,298,Italian,False
1476929,61181,S'MAC,American,24.2,Weekend,Not given,28,17,45,0.622,0.378,False,,False,True,High,3,True,12,584,American,False
1477812,93505,Rubirosa,Italian,24.2,Weekend,5,31,15,46,0.674,0.326,True,5.0,True,True,High,1,False,37,298,Italian,False
1477210,182080,Shake Shack,American,14.65,Weekday,Not given,26,33,59,0.441,0.559,False,,False,False,Medium,1,False,219,584,American,False
1477873,370053,Shake Shack,American,12.08,Weekend,3,29,24,53,0.547,0.453,True,3.0,False,True,Low,1,False,219,584,American,False
1477858,60052,Rubirosa,Italian,5.77,Weekend,Not given,27,21,48,0.562,0.438,False,,False,True,Low,6,True,37,298,Italian,False
1477788,270444,P.J. Clarke's,American,4.71,Weekend,Not given,23,15,38,0.605,0.395,False,,False,True,Low,2,True,15,584,American,False
1476711,106968,Blue Ribbon Fried Chicken,American,8.78,Weekend,Not given,22,26,48,0.458,0.542,False,,False,True,Low,2,True,96,584,American,False
1477997,186473,Blue Ribbon Sushi Izakaya,Japanese,12.23,Weekend,3,34,25,59,0.576,0.424,True,3.0,False,True,Medium,5,True,29,470,Japanese,False
1477523,53503,RedFarm Broadway,Chinese,12.23,Weekend,4,21,21,42,0.5,0.5,True,4.0,True,True,Medium,1,False,59,215,Chinese,False
1476572,356195,Blue Ribbon Fried Chicken,American,29.15,Weekday,5,20,29,49,0.408,0.592,True,5.0,True,False,High,1,False,96,584,American,False
1476895,105460,Burger Joint,American,13.1,Weekend,Not given,22,18,40,0.55,0.45,False,,False,True,Medium,1,False,12,584,American,False
1478236,121905,Chipotle Mexican Grill $1.99 Delivery,Mexican,22.26,Weekend,4,21,21,42,0.5,0.5,True,4.0,True,True,High,2,True,23,77,Mexican,False
1476628,70456,Parm,Italian,12.56,Weekday,Not given,32,28,60,0.533,0.467,False,,False,False,Medium,1,False,68,298,Italian,False
1476927,62626,Sushi of Gari 46,Japanese,13.05,Weekend,Not given,24,22,46,0.522,0.478,False,,False,True,Medium,1,False,37,470,Japanese,False
1477547,242754,Rubirosa,Italian,13.92,Weekend,Not given,29,27,56,0.518,0.482,False,,False,True,Medium,1,False,37,298,Italian,False
1478349,229946,Balthazar Boulangerie,French,21.39,Weekend,Not given,35,29,64,0.547,0.453,False,,False,True,High,5,True,10,18,Other,False
1477850,216438,Blue Ribbon Sushi,Japanese,29.25,Weekend,Not given,33,17,50,0.66,0.34,False,,False,True,High,1,False,119,470,Japanese,False
1478048,101202,Burger Joint,American,12.18,Weekend,4,35,15,50,0.7,0.3,True,4.0,True,True,Low,1,False,12,584,American,False
1477133,175290,Shake Shack,American,12.18,Weekend,Not given,26,25,51,0.51,0.49,False,,False,True,Low,4,True,219,584,American,False
1476746,201471,ilili Restaurant,Middle Eastern,12.66,Weekend,5,21,15,36,0.583,0.417,True,5.0,True,True,Medium,2,True,18,49,Middle Eastern,False
1477724,80531,RedFarm Hudson,Chinese,12.18,Weekend,Not given,24,27,51,0.471,0.529,False,,False,True,Low,1,False,55,215,Chinese,False
1476911,74707,Bareburger,American,8.63,Weekend,4,21,22,43,0.488,0.512,True,4.0,True,True,Low,1,False,27,584,American,False
1478292,334373,Tamarind TriBeCa,Indian,12.18,Weekend,Not given,26,30,56,0.464,0.536,False,,False,True,Low,2,True,27,73,Indian,False
1478024,241719,Sushi of Gari Tribeca,Japanese,14.12,Weekend,Not given,21,29,50,0.42,0.58,False,,False,True,Medium,5,True,24,470,Japanese,False
1478281,58898,Blue Ribbon Sushi,Japanese,16.93,Weekend,4,30,25,55,0.545,0.455,True,4.0,True,True,Medium,4,True,119,470,Japanese,False
1478009,379538,Parm,Italian,6.79,Weekend,3,21,30,51,0.412,0.588,True,3.0,False,True,Low,1,False,68,298,Italian,False
1476898,174437,Han Dynasty,Chinese,29.2,Weekend,Not given,26,30,56,0.464,0.536,False,,False,True,High,1,False,46,215,Chinese,False
1477285,325285,RedFarm Broadway,Chinese,14.02,Weekday,Not given,25,26,51,0.49,0.51,False,,False,False,Medium,3,True,59,215,Chinese,False
1478335,84502,Nobu Next Door,Japanese,25.17,Weekend,4,31,29,60,0.517,0.483,True,4.0,True,True,High,1,False,42,470,Japanese,False
1477934,60052,RedFarm Broadway,Chinese,12.61,Weekend,5,28,21,49,0.571,0.429,True,5.0,True,True,Medium,6,True,59,215,Chinese,False
1476645,140477,Serafina Fabulous Pizza,Italian,13.68,Weekend,5,20,20,40,0.5,0.5,True,5.0,True,True,Medium,3,True,5,298,Italian,False
1477450,79215,Blue Ribbon Sushi,Japanese,11.93,Weekend,3,24,21,45,0.533,0.467,True,3.0,False,True,Low,4,True,119,470,Japanese,False
1477657,177078,Lantern Thai Kitchen,Thai,13.97,Weekend,Not given,28,29,57,0.491,0.509,False,,False,True,Medium,4,True,4,19,Other,False
1478135,276431,The Meatball Shop,Italian,14.02,Weekday,5,20,27,47,0.426,0.574,True,5.0,True,False,Medium,1,False,132,298,Italian,False
1477254,58898,Blue Ribbon Sushi,Japanese,8.1,Weekend,5,35,18,53,0.66,0.34,True,5.0,True,True,Low,4,True,119,470,Japanese,False
1477705,60397,Jack's Wife Freda,Mediterranean,12.18,Weekend,3,33,23,56,0.589,0.411,True,3.0,False,True,Low,1,False,25,46,Mediterranean,False
1477814,62359,Pylos,Mediterranean,35.41,Weekday,4,21,29,50,0.42,0.58,True,4.0,True,False,High,5,True,5,46,Mediterranean,False
1478059,53947,Gaia Italian Cafe,Italian,8.78,Weekend,Not given,25,15,40,0.625,0.375,False,,False,True,Low,2,True,1,298,Italian,True
1478192,54365,Shake Shack,American,16.25,Weekend,5,27,23,50,0.54,0.46,True,5.0,True,True,Medium,1,False,219,584,American,False
1477743,104130,Blue Ribbon Sushi,Japanese,6.64,Weekend,Not given,23,15,38,0.605,0.395,False,,False,True,Low,3,True,119,470,Japanese,False
1477203,60138,The Meatball Shop,American,15.86,Weekday,5,29,26,55,0.527,0.473,True,5.0,True,False,Medium,1,False,132,584,American,False
1477292,386766,Parm,Italian,17.03,Weekday,3,21,27,48,0.438,0.562,True,3.0,False,False,Medium,2,True,68,298,Italian,False
1477178,47440,Bareburger,American,24.2,Weekend,4,23,23,46,0.5,0.5,True,4.0,True,True,High,10,True,27,584,American,False
1478283,167986,J. G. Melon,American,8.25,Weekday,3,34,33,67,0.507,0.493,True,3.0,False,False,Low,1,False,15,584,American,False
1477321,89844,Five Guys Burgers and Fries,American,12.08,Weekend,Not given,20,18,38,0.526,0.474,False,,False,True,Low,1,False,29,584,American,False
1477322,355592,Café China,Chinese,12.13,Weekend,Not given,27,25,52,0.519,0.481,False,,False,True,Low,2,True,6,215,Chinese,False
1477879,362961,ilili Restaurant,Middle Eastern,16.49,Weekend,4,30,28,58,0.517,0.483,True,4.0,True,True,Medium,1,False,18,49,Middle Eastern,False
1476741,318095,Blue Ribbon Sushi Izakaya,Japanese,6.79,Weekend,5,32,30,62,0.516,0.484,True,5.0,True,True,Low,1,False,29,470,Japanese,False
1478303,72639,Sushi of Gari,Japanese,10.72,Weekday,Not given,30,26,56,0.536,0.464,False,,False,False,Low,2,True,16,470,Japanese,False
1476647,294246,Piccolo Angolo,Italian,19.35,Weekend,Not given,29,29,58,0.5,0.5,False,,False,True,Medium,1,False,2,298,Italian,True
1476669,142677,Chola Eclectic Indian Cuisine,Indian,8.73,Weekend,5,30,28,58,0.517,0.483,True,5.0,True,True,Low,1,False,1,73,Indian,True
1477049,175101,TAO,Japanese,9.65,Weekend,4,25,18,43,0.581,0.419,True,4.0,True,True,Low,2,True,49,470,Japanese,False
1477602,320493,Vanessa's Dumplings,Chinese,16.78,Weekend,5,27,29,56,0.482,0.518,True,5.0,True,True,Medium,2,True,13,215,Chinese,False
1477088,129486,Mamoun's Falafel,Mediterranean,12.61,Weekend,4,21,17,38,0.553,0.447,True,4.0,True,True,Medium,2,True,7,46,Mediterranean,False
1476964,81405,RedFarm Broadway,Chinese,24.25,Weekend,5,29,22,51,0.569,0.431,True,5.0,True,True,High,1,False,59,215,Chinese,False
1477981,154464,Westville Hudson,American,11.16,Weekend,4,24,20,44,0.545,0.455,True,4.0,True,True,Low,1,False,15,584,American,False
1476717,151191,Pongsri Thai,Thai,20.18,Weekday,Not given,23,25,48,0.479,0.521,False,,False,False,High,2,True,2,19,Other,True
1477851,66373,Blue Ribbon Sushi Izakaya,Japanese,32.93,Weekend,4,21,19,40,0.525,0.475,True,4.0,True,True,High,2,True,29,470,Japanese,False
1478063,367093,Parm,Italian,15.86,Weekday,Not given,30,24,54,0.556,0.444,False,,False,False,Medium,1,False,68,298,Italian,False
1477636,94909,Parm,Italian,12.13,Weekend,4,29,26,55,0.527,0.473,True,4.0,True,True,Low,1,False,68,298,Italian,False
1477763,111356,Blue Ribbon Sushi,Japanese,13.87,Weekday,Not given,31,30,61,0.508,0.492,False,,False,False,Medium,3,True,119,470,Japanese,False
1477944,70564,Rubirosa,Italian,14.12,Weekday,3,26,27,53,0.491,0.509,True,3.0,False,False,Medium,3,True,37,298,Italian,False
1478073,121686,TAO,Japanese,24.25,Weekend,4,22,21,43,0.512,0.488,True,4.0,True,True,High,1,False,49,470,Japanese,False
1478357,142356,Blue Ribbon Sushi,Japanese,14.07,Weekday,Not given,35,29,64,0.547,0.453,False,,False,False,Medium,4,True,119,470,Japanese,False
1478055,7567,indikitch,Indian,5.58,Weekend,Not given,35,30,65,0.538,0.462,False,,False,True,Low,1,False,4,73,Indian,False
1476815,39029,Prosperity Dumpling,Chinese,13.63,Weekend,5,25,24,49,0.51,0.49,True,5.0,True,True,Medium,1,False,3,215,Chinese,True
1477019,62359,RedFarm Hudson,Chinese,15.52,Weekend,5,30,18,48,0.625,0.375,True,5.0,True,True,Medium,5,True,55,215,Chinese,False
1477159,283310,Shake Shack,American,8.73,Weekend,Not given,35,17,52,0.673,0.327,False,,False,True,Low,1,False,219,584,American,False
1478409,151333,Melt Shop,American,25.27,Weekend,5,27,30,57,0.474,0.526,True,5.0,True,True,High,1,False,11,584,American,False
1477471,103147,Hot Kitchen,Chinese,29.54,Weekend,5,34,28,62,0.548,0.452,True,5.0,True,True,High,2,True,2,215,Chinese,True
1476747,115213,Junoon,Indian,9.22,Weekday,Not given,30,32,62,0.484,0.516,False,,False,False,Low,6,True,5,73,Indian,False
1477165,128600,Blue Ribbon Fried Chicken,American,15.33,Weekend,Not given,23,15,38,0.605,0.395,False,,False,True,Medium,3,True,96,584,American,False
1477378,115610,Tamarind TriBeCa,Indian,12.13,Weekend,Not given,35,20,55,0.636,0.364,False,,False,True,Low,3,True,27,73,Indian,False
1476803,73873,Han Dynasty,Chinese,14.02,Weekend,Not given,24,15,39,0.615,0.385,False,,False,True,Medium,1,False,46,215,Chinese,False
1477792,270525,The Smile,American,8.39,Weekday,Not given,20,31,51,0.392,0.608,False,,False,False,Low,4,True,18,584,American,False
1478331,42424,Han Dynasty,Chinese,12.13,Weekend,5,33,27,60,0.55,0.45,True,5.0,True,True,Low,1,False,46,215,Chinese,False
1478319,84087,The Meatball Shop,Italian,16.49,Weekend,3,22,28,50,0.44,0.56,True,3.0,False,True,Medium,5,True,132,298,Italian,False
1477090,54081,Osteria Morini,Italian,9.22,Weekday,4,29,33,62,0.468,0.532,True,4.0,True,False,Low,1,False,14,298,Italian,False
1477623,41136,The Meatball Shop,Italian,19.35,Weekend,Not given,27,20,47,0.574,0.426,False,,False,True,Medium,1,False,132,298,Italian,False
1477098,304509,RedFarm Broadway,Chinese,22.8,Weekday,Not given,33,33,66,0.5,0.5,False,,False,False,High,1,False,59,215,Chinese,False
1477399,378482,Shake Shack,American,29.49,Weekend,Not given,34,24,58,0.586,0.414,False,,False,True,High,4,True,219,584,American,False
1476649,38116,Ravagh Persian Grill,Middle Eastern,16.93,Weekend,Not given,33,21,54,0.611,0.389,False,,False,True,Medium,1,False,3,49,Middle Eastern,True
1478288,58231,Rohm Thai,Thai,29.1,Weekend,Not given,31,23,54,0.574,0.426,False,,False,True,High,1,False,1,19,Other,True
1477719,367051,RedFarm Hudson,Chinese,15.04,Weekend,3,35,25,60,0.583,0.417,True,3.0,False,True,Medium,1,False,55,215,Chinese,False
1477816,187187,Momoya,Japanese,11.59,Weekend,3,24,29,53,0.453,0.547,True,3.0,False,True,Low,1,False,30,470,Japanese,False
1477777,73175,Hill Country Fried Chicken,Southern,31.43,Weekday,5,25,28,53,0.472,0.528,True,5.0,True,False,High,1,False,14,17,Other,False
1476637,49695,Blue Ribbon Fried Chicken,American,18.24,Weekend,Not given,21,16,37,0.568,0.432,False,,False,True,Medium,1,False,96,584,American,False
1477349,52327,Nobu Next Door,Japanese,4.47,Weekend,5,28,26,54,0.519,0.481,True,5.0,True,True,Low,2,True,42,470,Japanese,False
1478222,370656,Vanessa's Dumplings,Chinese,8.98,Weekend,Not given,20,20,40,0.5,0.5,False,,False,True,Low,2,True,13,215,Chinese,False
1476774,114400,Shake Shack,American,29.39,Weekday,Not given,23,33,56,0.411,0.589,False,,False,False,High,1,False,219,584,American,False
1478421,59673,Dig Inn Seasonal Market,American,15.71,Weekday,5,27,26,53,0.509,0.491,True,5.0,True,False,Medium,3,True,1,584,American,True
1476775,66636,Shake Shack,American,29.1,Weekday,5,29,31,60,0.483,0.517,True,5.0,True,False,High,2,True,219,584,American,False
1478087,96921,Bareburger,American,8.39,Weekend,3,27,30,57,0.474,0.526,True,3.0,False,True,Low,1,False,27,584,American,False
1476710,65009,Blue Ribbon Sushi Izakaya,Japanese,8.93,Weekend,5,28,18,46,0.609,0.391,True,5.0,True,True,Low,7,True,29,470,Japanese,False
1478395,283052,Han Dynasty,Chinese,13.0,Weekend,4,32,22,54,0.593,0.407,True,4.0,True,True,Medium,1,False,46,215,Chinese,False
1478265,52832,Dos Caminos,Mexican,16.06,Weekend,Not given,35,19,54,0.648,0.352,False,,False,True,Medium,13,True,8,77,Mexican,False
1476625,348352,Olea,Mediterranean,6.69,Weekday,Not given,20,28,48,0.417,0.583,False,,False,False,Low,1,False,3,46,Mediterranean,True
1477413,325272,Shake Shack,American,16.1,Weekend,Not given,28,24,52,0.538,0.462,False,,False,True,Medium,2,True,219,584,American,False
1477485,165695,Jack's Wife Freda,Mediterranean,6.69,Weekend,5,21,16,37,0.568,0.432,True,5.0,True,True,Low,3,True,25,46,Mediterranean,False
1476708,126026,Nobu Next Door,Japanese,9.51,Weekend,Not given,25,29,54,0.463,0.537,False,,False,True,Low,1,False,42,470,Japanese,False
1477168,352130,TAO,Japanese,12.08,Weekend,Not given,24,30,54,0.444,0.556,False,,False,True,Low,1,False,49,470,Japanese,False
1476872,42018,Blue Ribbon Sushi,Japanese,5.82,Weekday,Not given,27,28,55,0.491,0.509,False,,False,False,Low,2,True,119,470,Japanese,False
1477161,263426,Nobu Next Door,Japanese,9.41,Weekend,Not given,32,30,62,0.516,0.484,False,,False,True,Low,4,True,42,470,Japanese,False
1477799,399520,Xe May Sandwich Shop,Vietnamese,14.07,Weekday,Not given,28,28,56,0.5,0.5,False,,False,False,Medium,2,True,2,7,Other,True
1477309,64151,Rubirosa,Italian,22.8,Weekday,5,32,27,59,0.542,0.458,True,5.0,True,False,High,4,True,37,298,Italian,False
1478132,74762,Cafeteria,American,12.23,Weekday,Not given,26,25,51,0.51,0.49,False,,False,False,Medium,1,False,9,584,American,False
1477456,124085,Blue Ribbon Sushi Bar & Grill,Japanese,15.91,Weekend,Not given,31,16,47,0.66,0.34,False,,False,True,Medium,2,True,44,470,Japanese,False
1477678,102085,Otto Enoteca Pizzeria,Italian,9.61,Weekend,5,26,30,56,0.464,0.536,True,5.0,True,True,Low,1,False,12,298,Italian,False
1477428,77857,Shake Shack,American,8.0,Weekend,4,24,30,54,0.444,0.556,True,4.0,True,True,Low,2,True,219,584,American,False
1477359,373285,RedFarm Hudson,Chinese,12.08,Weekend,Not given,21,24,45,0.467,0.533,False,,False,True,Low,1,False,55,215,Chinese,False
1477542,59673,Shake Shack,American,12.08,Weekday,Not given,27,27,54,0.5,0.5,False,,False,False,Low,3,True,219,584,American,False
1477945,63096,Rubirosa,Italian,14.12,Weekend,Not given,33,15,48,0.688,0.312,False,,False,True,Medium,2,True,37,298,Italian,False
1477211,304365,Sarabeth's Restaurant,American,21.93,Weekend,Not given,25,27,52,0.481,0.519,False,,False,True,High,2,True,7,584,American,False
1477315,176622,Cafe Mogador,Middle Eastern,15.91,Weekend,5,32,15,47,0.681,0.319,True,5.0,True,True,Medium,2,True,18,49,Middle Eastern,False
1478058,200631,Amy Ruth's,Southern,7.38,Weekday,4,24,29,53,0.453,0.547,True,4.0,True,False,Low,1,False,3,17,Other,True
1476678,91817,Shake Shack,American,21.39,Weekend,4,28,18,46,0.609,0.391,True,4.0,True,True,High,5,True,219,584,American,False
1478363,138024,Cho Dang Gol,Korean,29.25,Weekend,4,23,21,44,0.523,0.477,True,4.0,True,True,High,2,True,6,13,Other,False
1477288,47879,El Parador Cafe,Mexican,13.19,Weekday,5,22,28,50,0.44,0.56,True,5.0,True,False,Medium,1,False,2,77,Mexican,True
1478350,132753,Vanessa's Dumplings,Chinese,15.57,Weekend,5,33,28,61,0.541,0.459,True,5.0,True,True,Medium,1,False,13,215,Chinese,False
1477651,404649,Parm,Italian,19.45,Weekday,Not given,28,28,56,0.5,0.5,False,,False,False,High,1,False,68,298,Italian,False
1476977,41246,Shake Shack,American,25.17,Weekend,5,27,26,53,0.509,0.491,True,5.0,True,True,High,2,True,219,584,American,False
1477544,113972,RedFarm Hudson,Chinese,19.35,Weekend,4,31,15,46,0.674,0.326,True,4.0,True,True,Medium,4,True,55,215,Chinese,False
1477487,209552,TAO,Japanese,12.61,Weekend,5,32,24,56,0.571,0.429,True,5.0,True,True,Medium,1,False,49,470,Japanese,False
1477187,353331,Chipotle Mexican Grill $1.99 Delivery,Mexican,12.13,Weekend,5,34,19,53,0.642,0.358,True,5.0,True,True,Low,2,True,23,77,Mexican,False
1478387,70564,Jack's Wife Freda,Mediterranean,12.08,Weekend,5,30,19,49,0.612,0.388,True,5.0,True,True,Low,3,True,25,46,Mediterranean,False
1476955,70001,Dirty Bird to Go,American,12.08,Weekday,Not given,23,32,55,0.418,0.582,False,,False,False,Low,2,True,4,584,American,False
1476673,83287,Blue Ribbon Sushi Izakaya,Japanese,9.51,Weekend,Not given,35,21,56,0.625,0.375,False,,False,True,Low,9,True,29,470,Japanese,False
1476909,366975,Blue Ribbon Sushi Bar & Grill,Japanese,4.85,Weekend,5,20,21,41,0.488,0.512,True,5.0,True,True,Low,3,True,44,470,Japanese,False
1478204,64153,Blue Ribbon Fried Chicken,American,14.07,Weekday,4,34,24,58,0.586,0.414,True,4.0,True,False,Medium,5,True,96,584,American,False
1476613,65561,Chipotle Mexican Grill $1.99 Delivery,Mexican,29.1,Weekend,5,24,28,52,0.462,0.538,True,5.0,True,True,High,1,False,23,77,Mexican,False
1476739,290266,Socarrat Paella Bar,Spanish,25.22,Weekend,5,23,20,43,0.535,0.465,True,5.0,True,True,High,1,False,1,12,Other,True
1476617,53513,The Meatball Shop,Italian,31.33,Weekend,3,30,15,45,0.667,0.333,True,3.0,False,True,High,1,False,132,298,Italian,False
1477563,385426,Shake Shack,American,17.03,Weekday,5,35,32,67,0.522,0.478,True,5.0,True,False,Medium,1,False,219,584,American,False
1477302,52832,Don's Bogam BBQ & Wine Bar,Korean,12.23,Weekend,Not given,32,20,52,0.615,0.385,False,,False,True,Medium,13,True,3,13,Other,True
1478217,62161,Tamarind TriBeCa,Indian,6.07,Weekend,4,30,17,47,0.638,0.362,True,4.0,True,True,Low,2,True,27,73,Indian,False
1478341,254913,Shake Shack,American,10.82,Weekend,4,34,20,54,0.63,0.37,True,4.0,True,True,Low,1,False,219,584,American,False
1477200,289597,Han Dynasty,Chinese,9.51,Weekday,Not given,24,27,51,0.471,0.529,False,,False,False,Low,1,False,46,215,Chinese,False
1476982,47440,Bareburger,American,8.73,Weekend,5,21,19,40,0.525,0.475,True,5.0,True,True,Low,10,True,27,584,American,False
1478367,100999,Blue Ribbon Sushi Izakaya,Japanese,12.23,Weekday,Not given,26,26,52,0.5,0.5,False,,False,False,Medium,2,True,29,470,Japanese,False
1477852,74412,da Umberto,Italian,32.98,Weekend,Not given,30,28,58,0.517,0.483,False,,False,True,High,1,False,3,298,Italian,True
1477325,54110,Parm,Italian,19.35,Weekday,4,23,26,49,0.469,0.531,True,4.0,True,False,Medium,2,True,68,298,Italian,False
1477524,236739,Xi'an Famous Foods,Chinese,19.45,Weekend,5,28,18,46,0.609,0.391,True,5.0,True,True,High,2,True,9,215,Chinese,False
1477430,182252,Five Leaves,American,6.26,Weekday,5,31,26,57,0.544,0.456,True,5.0,True,False,Low,2,True,4,584,American,False
1477197,345062,Alidoro,American,12.61,Weekend,Not given,34,22,56,0.607,0.393,False,,False,True,Medium,1,False,1,584,American,True
1476763,142170,RedFarm Broadway,Chinese,13.1,Weekend,4,26,22,48,0.542,0.458,True,4.0,True,True,Medium,1,False,59,215,Chinese,False
1476893,164131,Tony's Di Napoli,Italian,14.07,Weekend,Not given,22,27,49,0.449,0.551,False,,False,True,Medium,2,True,5,298,Italian,False
1476884,167828,Shake Shack,American,15.57,Weekend,Not given,35,18,53,0.66,0.34,False,,False,True,Medium,1,False,219,584,American,False
1477693,67345,Bareburger,American,13.05,Weekend,4,31,30,61,0.508,0.492,True,4.0,True,True,Medium,2,True,27,584,American,False
1478170,208186,Blue Ribbon Sushi Izakaya,Japanese,16.44,Weekend,Not given,32,23,55,0.582,0.418,False,,False,True,Medium,1,False,29,470,Japanese,False
1477676,78939,Blue Ribbon Sushi,Japanese,8.54,Weekend,5,34,25,59,0.576,0.424,True,5.0,True,True,Low,5,True,119,470,Japanese,False
1477637,227992,Nobu Next Door,Japanese,12.13,Weekend,Not given,28,16,44,0.636,0.364,False,,False,True,Low,1,False,42,470,Japanese,False
1477922,304587,Westville Hudson,American,33.03,Weekend,5,25,18,43,0.581,0.419,True,5.0,True,True,High,1,False,15,584,American,False
1478151,62941,Cipriani Le Specialita,Italian,5.92,Weekend,5,35,30,65,0.538,0.462,True,5.0,True,True,Low,1,False,1,298,Italian,True
1477219,389155,The Meatball Shop,Italian,32.98,Weekday,3,23,25,48,0.479,0.521,True,3.0,False,False,High,1,False,132,298,Italian,False
1478018,304112,Shake Shack,American,16.25,Weekday,5,27,31,58,0.466,0.534,True,5.0,True,False,Medium,1,False,219,584,American,False
1477998,90113,Blue Ribbon Sushi,Japanese,29.1,Weekend,5,20,16,36,0.556,0.444,True,5.0,True,True,High,1,False,119,470,Japanese,False
1477170,197832,The Meatball Shop,Italian,12.08,Weekday,Not given,25,28,53,0.472,0.528,False,,False,False,Low,2,True,132,298,Italian,False
1478282,221394,Cafe Habana,Mexican,8.25,Weekend,4,21,29,50,0.42,0.58,True,4.0,True,True,Low,2,True,16,77,Mexican,False
1477826,381020,RedFarm Broadway,Chinese,8.2,Weekend,4,31,30,61,0.508,0.492,True,4.0,True,True,Low,3,True,59,215,Chinese,False
1477890,284835,Shake Shack,American,22.36,Weekday,3,20,32,52,0.385,0.615,True,3.0,False,False,High,2,True,219,584,American,False
1477045,143511,Chipotle Mexican Grill $1.99 Delivery,Mexican,16.44,Weekday,Not given,33,30,63,0.524,0.476,False,,False,False,Medium,1,False,23,77,Mexican,False
1478430,133701,The Loop,Japanese,24.3,Weekend,5,21,29,50,0.42,0.58,True,5.0,True,True,High,1,False,4,470,Japanese,False
1477160,61181,The Meatball Shop,Italian,8.63,Weekday,4,28,27,55,0.509,0.491,True,4.0,True,False,Low,3,True,132,298,Italian,False
1477605,91907,Momoya,Japanese,9.02,Weekend,Not given,21,30,51,0.412,0.588,False,,False,True,Low,3,True,30,470,Japanese,False
1478351,78939,Blue Ribbon Sushi,Japanese,12.08,Weekend,5,31,16,47,0.66,0.34,True,5.0,True,True,Low,5,True,119,470,Japanese,False
1477017,175101,TAO,Japanese,15.76,Weekend,Not given,26,19,45,0.578,0.422,False,,False,True,Medium,2,True,49,470,Japanese,False
1478202,345429,Burger Joint,American,21.88,Weekend,5,26,24,50,0.52,0.48,True,5.0,True,True,High,1,False,12,584,American,False
1478053,125262,Barbounia,Mediterranean,5.77,Weekend,Not given,23,23,46,0.5,0.5,False,,False,True,Low,2,True,6,46,Mediterranean,False
1476933,375704,Shake Shack,American,32.98,Weekend,3,22,21,43,0.512,0.488,True,3.0,False,True,High,1,False,219,584,American,False
1476656,124596,RedFarm Hudson,Chinese,29.1,Weekday,Not given,27,26,53,0.509,0.491,False,,False,False,High,1,False,55,215,Chinese,False
1478071,70315,Five Guys Burgers and Fries,American,14.12,Weekend,4,28,25,53,0.528,0.472,True,4.0,True,True,Medium,1,False,29,584,American,False
1476800,183520,Blue Ribbon Sushi,Japanese,11.59,Weekend,Not given,26,23,49,0.531,0.469,False,,False,True,Low,5,True,119,470,Japanese,False
1477568,296554,Blue Ribbon Fried Chicken,American,9.75,Weekday,5,23,32,55,0.418,0.582,True,5.0,True,False,Low,1,False,96,584,American,False
1478332,146456,Five Guys Burgers and Fries,American,12.18,Weekend,Not given,22,26,48,0.458,0.542,False,,False,True,Low,1,False,29,584,American,False
1477504,71613,Empanada Mama (closed),Mexican,15.57,Weekend,4,24,20,44,0.545,0.455,True,4.0,True,True,Medium,1,False,13,77,Mexican,False
1477597,49010,Shake Shack,American,24.25,Weekend,5,34,24,58,0.586,0.414,True,5.0,True,True,High,1,False,219,584,American,False
1478001,64153,Blue Ribbon Fried Chicken,American,31.38,Weekend,3,35,20,55,0.636,0.364,True,3.0,False,True,High,5,True,96,584,American,False
1477127,314480,Shake Shack,American,15.76,Weekday,5,30,24,54,0.556,0.444,True,5.0,True,False,Medium,2,True,219,584,American,False
1477846,52574,Blue Ribbon Sushi,Japanese,24.25,Weekday,5,30,26,56,0.536,0.464,True,5.0,True,False,High,2,True,119,470,Japanese,False
1477297,164131,Tony's Di Napoli,Italian,29.1,Weekend,Not given,26,19,45,0.578,0.422,False,,False,True,High,2,True,5,298,Italian,False
1477838,52256,Han Dynasty,Chinese,12.08,Weekend,5,22,23,45,0.489,0.511,True,5.0,True,True,Low,3,True,46,215,Chinese,False
1477112,65806,Blue Ribbon Fried Chicken,American,12.13,Weekend,Not given,21,28,49,0.429,0.571,False,,False,True,Low,1,False,96,584,American,False
1477355,79215,Blue Ribbon Sushi,Japanese,15.86,Weekend,Not given,33,15,48,0.688,0.312,False,,False,True,Medium,4,True,119,470,Japanese,False
1477365,61181,Shake Shack,American,14.07,Weekend,5,33,25,58,0.569,0.431,True,5.0,True,True,Medium,3,True,219,584,American,False
1477266,85422,Saravanaa Bhavan,Indian,24.25,Weekday,5,29,26,55,0.527,0.473,True,5.0,True,False,High,1,False,5,73,Indian,False
1477800,344268,Sushi Choshi,Japanese,13.73,Weekend,3,35,27,62,0.565,0.435,True,3.0,False,True,Medium,1,False,1,470,Japanese,True
1478428,53543,The Smile,American,12.18,Weekday,5,29,27,56,0.518,0.482,True,5.0,True,False,Low,2,True,18,584,American,False
1478400,353331,Chipotle Mexican Grill $1.99 Delivery,Mexican,29.05,Weekend,Not given,28,27,55,0.509,0.491,False,,False,True,High,2,True,23,77,Mexican,False
1478403,294478,RedFarm Broadway,Chinese,32.98,Weekend,4,25,15,40,0.625,0.375,True,4.0,True,True,High,2,True,59,215,Chinese,False
1477970,198802,Cafe Habana,Mexican,6.69,Weekday,5,26,31,57,0.456,0.544,True,5.0,True,False,Low,4,True,16,77,Mexican,False
1476928,58205,The Meatball Shop,Italian,24.3,Weekend,Not given,33,21,54,0.611,0.389,False,,False,True,High,1,False,132,298,Italian,False
1477020,91108,Rubirosa,Italian,7.33,Weekend,5,26,22,48,0.542,0.458,True,5.0,True,True,Low,1,False,37,298,Italian,False
1477973,245264,RedFarm Hudson,Chinese,9.12,Weekday,5,29,26,55,0.527,0.473,True,5.0,True,False,Low,1,False,55,215,Chinese,False
1478406,129122,Sarabeth's East,American,12.13,Weekend,Not given,34,30,64,0.531,0.469,False,,False,True,Low,1,False,7,584,American,False
1477701,328551,Kanoyama,Japanese,32.98,Weekend,5,35,16,51,0.686,0.314,True,5.0,True,True,High,2,True,3,470,Japanese,True
1477318,42408,UVA Wine Bar & Restaurant,Italian,14.65,Weekday,5,32,25,57,0.561,0.439,True,5.0,True,False,Medium,1,False,2,298,Italian,True
1477438,94132,Parm,Italian,31.33,Weekend,Not given,24,16,40,0.6,0.4,False,,False,True,High,1,False,68,298,Italian,False
1478376,67133,RedFarm Broadway,Chinese,9.65,Weekend,5,30,20,50,0.6,0.4,True,5.0,True,True,Low,1,False,59,215,Chinese,False
1477367,343554,Blue Ribbon Fried Chicken,American,12.95,Weekend,5,27,28,55,0.491,0.509,True,5.0,True,True,Medium,2,True,96,584,American,False
1477754,133222,P.J. Clarke's,American,21.34,Weekday,5,25,28,53,0.472,0.528,True,5.0,True,False,High,1,False,15,584,American,False
1478280,91722,Shake Shack,American,19.4,Weekend,5,32,15,47,0.681,0.319,True,5.0,True,True,High,1,False,219,584,American,False
1478412,43018,RedFarm Hudson,Chinese,6.69,Weekend,Not given,24,20,44,0.545,0.455,False,,False,True,Low,2,True,55,215,Chinese,False
1476887,142356,Blue Ribbon Sushi,Japanese,12.13,Weekday,Not given,26,27,53,0.491,0.509,False,,False,False,Low,4,True,119,470,Japanese,False
1478382,144997,Nobu Next Door,Japanese,15.91,Weekend,4,26,15,41,0.634,0.366,True,4.0,True,True,Medium,3,True,42,470,Japanese,False
1478115,93308,Shake Shack,American,5.77,Weekend,4,28,18,46,0.609,0.391,True,4.0,True,True,Low,1,False,219,584,American,False
1476782,367449,The Meatball Shop,Italian,12.23,Weekend,5,24,17,41,0.585,0.415,True,5.0,True,True,Medium,1,False,132,298,Italian,False
1478178,125834,The Meatball Shop,Italian,12.23,Weekend,5,25,19,44,0.568,0.432,True,5.0,True,True,Medium,1,False,132,298,Italian,False
1478294,390459,Shake Shack,American,12.18,Weekend,Not given,35,29,64,0.547,0.453,False,,False,True,Low,1,False,219,584,American,False
1477854,58025,Tamarind TriBeCa,Indian,11.64,Weekend,Not given,33,23,56,0.589,0.411,False,,False,True,Low,1,False,27,73,Indian,False
1477189,54630,V-Nam Cafe,Vietnamese,22.26,Weekend,5,33,26,59,0.559,0.441,True,5.0,True,True,High,3,True,4,7,Other,False
1476894,384698,Don's Bogam BBQ & Wine Bar,Korean,14.07,Weekend,3,33,16,49,0.673,0.327,True,3.0,False,True,Medium,1,False,3,13,Other,True
1476807,79215,Blue Ribbon Sushi,Japanese,16.49,Weekend,3,24,30,54,0.444,0.556,True,3.0,False,True,Medium,4,True,119,470,Japanese,False
1477937,98735,The Meatball Shop,Italian,9.65,Weekday,5,34,28,62,0.548,0.452,True,5.0,True,False,Low,1,False,132,298,Italian,False
1478407,386766,Parm,Italian,12.23,Weekend,Not given,21,30,51,0.412,0.588,False,,False,True,Medium,2,True,68,298,Italian,False
1478199,70001,Han Dynasty,Chinese,12.18,Weekday,Not given,26,26,52,0.5,0.5,False,,False,False,Low,2,True,46,215,Chinese,False
1478389,68775,Sushi of Gari Tribeca,Japanese,12.13,Weekend,Not given,25,30,55,0.455,0.545,False,,False,True,Low,3,True,24,470,Japanese,False
1478103,130956,Blue Ribbon Sushi,Japanese,12.95,Weekend,5,25,16,41,0.61,0.39,True,5.0,True,True,Medium,2,True,119,470,Japanese,False
1476824,259341,Momoya,Japanese,19.4,Weekend,4,27,16,43,0.628,0.372,True,4.0,True,True,High,7,True,30,470,Japanese,False
1478441,228541,RedFarm Hudson,Chinese,29.1,Weekend,Not given,27,28,55,0.491,0.509,False,,False,True,High,1,False,55,215,Chinese,False
1478399,264399,Han Dynasty,Chinese,29.15,Weekday,Not given,20,24,44,0.455,0.545,False,,False,False,High,1,False,46,215,Chinese,False
1477635,124393,Amma,Indian,31.43,Weekday,5,20,27,47,0.426,0.574,True,5.0,True,False,High,1,False,4,73,Indian,False
1476797,357592,Blue Ribbon Sushi,Japanese,16.15,Weekend,3,23,21,44,0.523,0.477,True,3.0,False,True,Medium,1,False,119,470,Japanese,False
1476652,232035,ilili Restaurant,Middle Eastern,8.97,Weekend,Not given,24,19,43,0.558,0.442,False,,False,True,Low,5,True,18,49,Middle Eastern,False
1478196,97991,Blue Ribbon Sushi Bar & Grill,Japanese,15.28,Weekday,Not given,24,29,53,0.453,0.547,False,,False,False,Medium,6,True,44,470,Japanese,False
1477862,317660,Shake Shack,American,10.24,Weekend,Not given,22,21,43,0.512,0.488,False,,False,True,Low,1,False,219,584,American,False
1478141,150865,Vanessa's Dumpling House,Chinese,29.1,Weekday,Not given,22,25,47,0.468,0.532,False,,False,False,High,3,True,9,215,Chinese,False
1476962,342777,Blue Ribbon Sushi,Japanese,12.9,Weekday,3,25,31,56,0.446,0.554,True,3.0,False,False,Medium,1,False,119,470,Japanese,False
1477959,175290,Otto Enoteca Pizzeria,Italian,29.05,Weekend,5,24,18,42,0.571,0.429,True,5.0,True,True,High,4,True,12,298,Italian,False
1477426,135769,Blue Ribbon Sushi,Japanese,19.35,Weekend,5,26,23,49,0.531,0.469,True,5.0,True,True,Medium,2,True,119,470,Japanese,False
1478049,259341,TAO,Japanese,12.71,Weekend,3,22,17,39,0.564,0.436,True,3.0,False,True,Medium,7,True,49,470,Japanese,False
1477811,373152,Blue Ribbon Sushi,Japanese,24.3,Weekend,5,32,28,60,0.533,0.467,True,5.0,True,True,High,3,True,119,470,Japanese,False
1478068,222073,The Smile,American,12.08,Weekend,5,27,25,52,0.519,0.481,True,5.0,True,True,Low,1,False,18,584,American,False
1477002,133202,ilili Restaurant,Middle Eastern,29.25,Weekend,3,27,21,48,0.562,0.438,True,3.0,False,True,High,4,True,18,49,Middle Eastern,False
1477139,139755,Tortaria,Mexican,13.05,Weekend,5,23,19,42,0.548,0.452,True,5.0,True,True,Medium,1,False,4,77,Mexican,False
1478150,97806,Shake Shack,American,25.22,Weekend,4,35,27,62,0.565,0.435,True,4.0,True,True,High,5,True,219,584,American,False
1476603,48677,Shake Shack,American,12.95,Weekend,Not given,32,19,51,0.627,0.373,False,,False,True,Medium,2,True,219,584,American,False
1476752,27365,Nobu Next Door,Japanese,16.06,Weekend,Not given,31,23,54,0.574,0.426,False,,False,True,Medium,1,False,42,470,Japanese,False
1477073,87752,Shake Shack,American,29.05,Weekend,5,21,22,43,0.488,0.512,True,5.0,True,True,High,2,True,219,584,American,False
1477823,50260,Bareburger,American,5.63,Weekend,4,32,30,62,0.516,0.484,True,4.0,True,True,Low,1,False,27,584,American,False
1476684,35631,Shake Shack,American,19.4,Weekend,5,32,24,56,0.571,0.429,True,5.0,True,True,High,1,False,219,584,American,False
1477892,196320,Parm,Italian,25.17,Weekday,4,33,32,65,0.508,0.492,True,4.0,True,False,High,1,False,68,298,Italian,False
1477481,47440,Bareburger,American,25.22,Weekday,3,31,27,58,0.534,0.466,True,3.0,False,False,High,10,True,27,584,American,False
1477538,184085,Hill Country Fried Chicken,Southern,14.84,Weekend,4,21,21,42,0.5,0.5,True,4.0,True,True,Medium,2,True,14,17,Other,False
1476626,84087,The Meatball Shop,Italian,6.69,Weekend,Not given,25,22,47,0.532,0.468,False,,False,True,Low,5,True,132,298,Italian,False
1477557,140501,The Meatball Shop,Italian,22.36,Weekend,5,32,21,53,0.604,0.396,True,5.0,True,True,High,1,False,132,298,Italian,False
1477684,39275,TAO,Japanese,15.28,Weekend,5,20,27,47,0.426,0.574,True,5.0,True,True,Medium,2,True,49,470,Japanese,False
1477865,120490,Parm,Italian,8.2,Weekday,Not given,34,24,58,0.586,0.414,False,,False,False,Low,2,True,68,298,Italian,False
1477612,56722,Shake Shack,American,22.31,Weekday,Not given,33,32,65,0.508,0.492,False,,False,False,High,3,True,219,584,American,False
1476620,54110,Tamarind TriBeCa,Indian,12.23,Weekend,4,21,21,42,0.5,0.5,True,4.0,True,True,Medium,2,True,27,73,Indian,False
1477244,47386,Bubby's,American,12.18,Weekday,4,28,31,59,0.475,0.525,True,4.0,True,False,Low,3,True,3,584,American,True
1477231,63147,Shake Shack,American,12.61,Weekend,4,29,19,48,0.604,0.396,True,4.0,True,True,Medium,1,False,219,584,American,False
1477576,105087,Rubirosa,Italian,14.12,Weekday,4,26,32,58,0.448,0.552,True,4.0,True,False,Medium,1,False,37,298,Italian,False
1478203,41907,Hatsuhana,Japanese,14.07,Weekend,5,27,24,51,0.529,0.471,True,5.0,True,True,Medium,4,True,6,470,Japanese,False
1476890,83469,Han Dynasty,Chinese,12.18,Weekday,3,33,29,62,0.532,0.468,True,3.0,False,False,Low,1,False,46,215,Chinese,False
1477059,67487,Blue Ribbon Sushi,Japanese,17.07,Weekend,4,27,15,42,0.643,0.357,True,4.0,True,True,Medium,2,True,119,470,Japanese,False
1477038,96877,The Meatball Shop,Italian,12.18,Weekend,5,25,28,53,0.472,0.528,True,5.0,True,True,Low,4,True,132,298,Italian,False
1478220,399729,Blue Ribbon Sushi,Japanese,8.83,Weekend,4,20,19,39,0.513,0.487,True,4.0,True,True,Low,2,True,119,470,Japanese,False
1477459,149984,Sushi of Gari 46,Japanese,14.31,Weekend,Not given,27,25,52,0.519,0.481,False,,False,True,Medium,4,True,37,470,Japanese,False
1478214,103049,TAO,Japanese,25.22,Weekend,5,28,17,45,0.622,0.378,True,5.0,True,True,High,1,False,49,470,Japanese,False
1476636,232214,Terakawa Ramen,Japanese,14.65,Weekend,4,30,16,46,0.652,0.348,True,4.0,True,True,Medium,1,False,3,470,Japanese,True
1477807,38050,Blue Ribbon Sushi,Japanese,12.71,Weekday,Not given,24,28,52,0.462,0.538,False,,False,False,Medium,2,True,119,470,Japanese,False
1477841,18902,Rubirosa,Italian,21.88,Weekend,4,28,27,55,0.509,0.491,True,4.0,True,True,High,1,False,37,298,Italian,False
1476998,140279,Blue Ribbon Sushi Bar & Grill,Japanese,12.95,Weekday,Not given,28,28,56,0.5,0.5,False,,False,False,Medium,1,False,44,470,Japanese,False
1477900,276192,Sushi of Gari Tribeca,Japanese,8.63,Weekend,5,33,28,61,0.541,0.459,True,5.0,True,True,Low,7,True,24,470,Japanese,False
1477173,68300,Blue Ribbon Fried Chicken,American,21.83,Weekend,Not given,20,27,47,0.426,0.574,False,,False,True,High,2,True,96,584,American,False
1476876,325285,RedFarm Broadway,Chinese,5.48,Weekend,3,27,18,45,0.6,0.4,True,3.0,False,True,Low,3,True,59,215,Chinese,False
1477496,132137,Parm,Italian,22.36,Weekend,Not given,27,27,54,0.5,0.5,False,,False,True,High,2,True,68,298,Italian,False
1476845,55334,Blue Ribbon Sushi,Japanese,12.13,Weekend,5,31,29,60,0.517,0.483,True,5.0,True,True,Low,3,True,119,470,Japanese,False
1476642,277898,Blue Ribbon Fried Chicken,American,12.18,Weekend,Not given,25,17,42,0.595,0.405,False,,False,True,Low,4,True,96,584,American,False
1477801,268365,Zero Otto Nove,Italian,12.18,Weekday,4,29,25,54,0.537,0.463,True,4.0,True,False,Low,2,True,2,298,Italian,True
1477594,47440,Bareburger,American,12.18,Weekday,3,25,24,49,0.51,0.49,True,3.0,False,False,Low,10,True,27,584,American,False
1478318,263426,TAO,Japanese,22.12,Weekday,5,32,30,62,0.516,0.484,True,5.0,True,False,High,4,True,49,470,Japanese,False
1476734,148327,Shake Shack,American,33.03,Weekday,Not given,31,28,59,0.525,0.475,False,,False,False,High,1,False,219,584,American,False
1477202,259341,Joe's Shanghai,Chinese,16.1,Weekend,5,31,22,53,0.585,0.415,True,5.0,True,True,Medium,7,True,4,215,Chinese,False
1478180,270525,The Smile,American,22.26,Weekend,5,25,26,51,0.49,0.51,True,5.0,True,True,High,4,True,18,584,American,False
1477992,65589,Blue Ribbon Sushi Izakaya,Japanese,19.45,Weekday,5,33,32,65,0.508,0.492,True,5.0,True,False,High,1,False,29,470,Japanese,False
1477164,74424,Shake Shack,American,15.77,Weekend,3,29,20,49,0.592,0.408,True,3.0,False,True,Medium,1,False,219,584,American,False
1478386,240093,The Meatball Shop,Italian,14.7,Weekday,5,30,24,54,0.556,0.444,True,5.0,True,False,Medium,1,False,132,298,Italian,False
1476756,263426,Shake Shack,American,14.07,Weekend,3,21,27,48,0.438,0.562,True,3.0,False,True,Medium,4,True,219,584,American,False
1477989,102801,ilili Restaurant,Middle Eastern,13.73,Weekday,5,22,33,55,0.4,0.6,True,5.0,True,False,Medium,1,False,18,49,Middle Eastern,False
1477972,97806,Shake Shack,American,12.61,Weekend,4,26,25,51,0.51,0.49,True,4.0,True,True,Medium,5,True,219,584,American,False
1477452,107240,Shake Shack,American,8.34,Weekend,5,21,30,51,0.412,0.588,True,5.0,True,True,Low,1,False,219,584,American,False
1477578,385150,Blue Ribbon Sushi,Japanese,12.18,Weekend,4,27,16,43,0.628,0.372,True,4.0,True,True,Low,4,True,119,470,Japanese,False
1478208,371590,The Meatball Shop,Italian,29.15,Weekend,5,29,27,56,0.518,0.482,True,5.0,True,True,High,2,True,132,298,Italian,False
1477215,27609,Blue Ribbon Sushi Bar & Grill,Japanese,24.25,Weekend,5,25,26,51,0.49,0.51,True,5.0,True,True,High,3,True,44,470,Japanese,False
1477479,373152,Blue Ribbon Sushi,Japanese,12.32,Weekday,Not given,29,27,56,0.518,0.482,False,,False,False,Medium,3,True,119,470,Japanese,False
1476675,235818,Shake Shack,American,15.96,Weekday,4,28,27,55,0.509,0.491,True,4.0,True,False,Medium,3,True,219,584,American,False
1476854,47440,Blue Ribbon Fried Chicken,American,6.45,Weekend,4,30,24,54,0.556,0.444,True,4.0,True,True,Low,10,True,96,584,American,False
1478275,334758,Five Guys Burgers and Fries,American,24.3,Weekend,5,28,18,46,0.609,0.391,True,5.0,True,True,High,3,True,29,584,American,False
1477604,128711,RedFarm Hudson,Chinese,12.56,Weekend,3,20,22,42,0.476,0.524,True,3.0,False,True,Medium,2,True,55,215,Chinese,False
1477039,338923,Hill Country Fried Chicken,Southern,22.31,Weekday,3,21,25,46,0.457,0.543,True,3.0,False,False,High,1,False,14,17,Other,False
1477100,164005,Sushi of Gari,Japanese,15.52,Weekend,Not given,20,16,36,0.556,0.444,False,,False,True,Medium,2,True,16,470,Japanese,False
1478008,374826,Dos Caminos,Mexican,6.74,Weekend,5,32,26,58,0.552,0.448,True,5.0,True,True,Low,2,True,8,77,Mexican,False
1478298,79343,Blue Ribbon Sushi Bar & Grill,Japanese,6.02,Weekday,Not given,29,25,54,0.537,0.463,False,,False,False,Low,1,False,44,470,Japanese,False
1477085,103852,J. G. Melon,American,6.74,Weekend,5,20,29,49,0.408,0.592,True,5.0,True,True,Low,3,True,15,584,American,False
1477052,35993,Mira Sushi,Japanese,11.79,Weekend,Not given,32,26,58,0.552,0.448,False,,False,True,Low,1,False,2,470,Japanese,True
1478042,201542,TAO,Japanese,29.05,Weekend,4,35,24,59,0.593,0.407,True,4.0,True,True,High,1,False,49,470,Japanese,False
1476605,366975,Blue Ribbon Sushi Bar & Grill,Japanese,19.35,Weekend,Not given,23,17,40,0.575,0.425,False,,False,True,Medium,3,True,44,470,Japanese,False
1477825,389740,L'Express,French,11.98,Weekday,5,21,28,49,0.429,0.571,True,5.0,True,False,Low,2,True,6,18,Other,False
1476735,369272,Blue Ribbon Sushi Bar & Grill,Japanese,11.69,Weekday,5,21,28,49,0.429,0.571,True,5.0,True,False,Low,3,True,44,470,Japanese,False
1476686,45396,Blue Ribbon Sushi,Japanese,16.44,Weekend,5,30,29,59,0.508,0.492,True,5.0,True,True,Medium,1,False,119,470,Japanese,False
1478435,350180,RedFarm Hudson,Chinese,20.32,Weekday,5,30,29,59,0.508,0.492,True,5.0,True,False,High,1,False,55,215,Chinese,False
1476802,318451,Blue Ribbon Sushi,Japanese,14.02,Weekend,4,23,18,41,0.561,0.439,True,4.0,True,True,Medium,4,True,119,470,Japanese,False
1478416,378027,RedFarm Broadway,Chinese,9.07,Weekend,4,35,17,52,0.673,0.327,True,4.0,True,True,Low,2,True,59,215,Chinese,False
1477893,63513,Mamoun's Falafel,Mediterranean,5.92,Weekday,Not given,31,33,64,0.484,0.516,False,,False,False,Low,1,False,7,46,Mediterranean,False
1477018,53947,Shake Shack,American,15.52,Weekend,5,33,17,50,0.66,0.34,True,5.0,True,True,Medium,2,True,219,584,American,False
1477706,68258,Jack's Wife Freda,Mediterranean,22.31,Weekend,Not given,23,28,51,0.451,0.549,False,,False,True,High,2,True,25,46,Mediterranean,False
1476971,250494,Parm,Italian,28.57,Weekday,5,22,32,54,0.407,0.593,True,5.0,True,False,High,8,True,68,298,Italian,False
1477470,350659,Shake Shack,American,24.25,Weekend,4,27,30,57,0.474,0.526,True,4.0,True,True,High,1,False,219,584,American,False
1477755,107909,Cafeteria,American,12.08,Weekend,3,35,28,63,0.556,0.444,True,3.0,False,True,Low,6,True,9,584,American,False
1478084,110461,Blue Ribbon Sushi,Japanese,22.07,Weekend,4,33,15,48,0.688,0.312,True,4.0,True,True,High,2,True,119,470,Japanese,False
1478163,372722,Shake Shack,American,21.29,Weekend,Not given,35,21,56,0.625,0.375,False,,False,True,High,1,False,219,584,American,False
1478431,245862,S'MAC,American,16.49,Weekend,5,27,19,46,0.587,0.413,True,5.0,True,True,Medium,1,False,12,584,American,False
1477559,127149,P.J. Clarke's,American,25.27,Weekday,5,34,29,63,0.54,0.46,True,5.0,True,False,High,5,True,15,584,American,False
1477666,368295,Blue Ribbon Fried Chicken,American,11.64,Weekend,5,24,16,40,0.6,0.4,True,5.0,True,True,Low,1,False,96,584,American,False
1477746,288777,Don's Bogam BBQ & Wine Bar,Korean,12.61,Weekend,4,25,26,51,0.49,0.51,True,4.0,True,True,Medium,1,False,3,13,Other,True
1478358,371806,The Meatball Shop,Italian,13.0,Weekend,5,34,26,60,0.567,0.433,True,5.0,True,True,Medium,1,False,132,298,Italian,False
1476863,40010,The Meatball Shop,American,31.43,Weekend,Not given,31,22,53,0.585,0.415,False,,False,True,High,2,True,132,584,American,False
1477041,52832,Junoon,Indian,25.17,Weekday,Not given,23,24,47,0.489,0.511,False,,False,False,High,13,True,5,73,Indian,False
1478438,114085,Blue Ribbon Sushi Bar & Grill,Japanese,9.12,Weekend,3,27,27,54,0.5,0.5,True,3.0,False,True,Low,5,True,44,470,Japanese,False
1476616,348096,Parm,Italian,31.43,Weekday,5,28,25,53,0.528,0.472,True,5.0,True,False,High,4,True,68,298,Italian,False
1476968,99621,Jack's Wife Freda,Mediterranean,29.05,Weekend,5,35,28,63,0.556,0.444,True,5.0,True,True,High,4,True,25,46,Mediterranean,False
1478045,97420,Yama 49,Japanese,31.33,Weekend,5,21,27,48,0.438,0.562,True,5.0,True,True,High,1,False,5,470,Japanese,False
1477660,304365,Sarabeth's Restaurant,American,24.25,Weekend,5,23,24,47,0.489,0.511,True,5.0,True,True,High,2,True,7,584,American,False
1476584,363561,Shake Shack,American,12.37,Weekend,3,28,28,56,0.5,0.5,True,3.0,False,True,Medium,2,True,219,584,American,False
1477619,75251,Blue Ribbon Fried Chicken,American,24.25,Weekend,Not given,27,21,48,0.562,0.438,False,,False,True,High,1,False,96,584,American,False
1477033,59105,Sushi of Gari 46,Japanese,29.05,Weekend,3,35,26,61,0.574,0.426,True,3.0,False,True,High,2,True,37,470,Japanese,False
1477308,321255,Shake Shack,American,5.63,Weekend,Not given,27,16,43,0.628,0.372,False,,False,True,Low,1,False,219,584,American,False
1476588,128711,RedFarm Hudson,Chinese,9.51,Weekend,3,29,26,55,0.527,0.473,True,3.0,False,True,Low,2,True,55,215,Chinese,False
1476713,58434,Blue Ribbon Sushi Izakaya,Japanese,15.76,Weekend,4,33,23,56,0.589,0.411,True,4.0,True,True,Medium,1,False,29,470,Japanese,False
1477036,162330,Shake Shack,American,11.64,Weekend,Not given,23,29,52,0.442,0.558,False,,False,True,Low,1,False,219,584,American,False
1477340,186473,Blue Ribbon Sushi,Japanese,12.13,Weekend,5,30,28,58,0.517,0.483,True,5.0,True,True,Low,5,True,119,470,Japanese,False
1477682,35432,TAO,Japanese,14.99,Weekend,Not given,24,21,45,0.533,0.467,False,,False,True,Medium,2,True,49,470,Japanese,False
1477514,178172,The Meatball Shop,American,12.18,Weekend,4,23,22,45,0.511,0.489,True,4.0,True,True,Low,1,False,132,584,American,False
1477046,302132,Dos Caminos Soho,Mexican,12.66,Weekday,5,24,30,54,0.444,0.556,True,5.0,True,False,Medium,1,False,1,77,Mexican,True
1477593,322787,Parm,Italian,12.08,Weekend,5,30,25,55,0.545,0.455,True,5.0,True,True,Low,1,False,68,298,Italian,False
1476716,37982,Saravanaa Bhavan,Indian,15.52,Weekday,5,33,26,59,0.559,0.441,True,5.0,True,False,Medium,1,False,5,73,Indian,False
1477357,5444,Go! Go! Curry!,Japanese,20.18,Weekend,3,22,29,51,0.431,0.569,True,3.0,False,True,High,1,False,3,470,Japanese,True
1476576,297130,Blue Ribbon Sushi,Japanese,31.43,Weekend,5,24,17,41,0.585,0.415,True,5.0,True,True,High,3,True,119,470,Japanese,False
1477888,40500,J. G. Melon,American,12.18,Weekend,Not given,32,22,54,0.593,0.407,False,,False,True,Low,2,True,15,584,American,False
1476814,64621,La Follia,Italian,8.05,Weekend,Not given,28,20,48,0.583,0.417,False,,False,True,Low,1,False,1,298,Italian,True
1477212,49631,The Meatball Shop,Italian,14.41,Weekend,Not given,28,28,56,0.5,0.5,False,,False,True,Medium,3,True,132,298,Italian,False
1477078,115231,Izakaya Ten,Japanese,12.23,Weekday,5,23,24,47,0.489,0.511,True,5.0,True,False,Medium,1,False,3,470,Japanese,True
1477061,390436,Blue Ribbon Sushi,Japanese,13.0,Weekday,5,22,31,53,0.415,0.585,True,5.0,True,False,Medium,1,False,119,470,Japanese,False
1477116,126730,The Kati Roll Company,Indian,24.2,Weekend,5,26,16,42,0.619,0.381,True,5.0,True,True,High,1,False,16,73,Indian,False
1478128,320187,TAO,Japanese,14.75,Weekend,5,35,19,54,0.648,0.352,True,5.0,True,True,Medium,2,True,49,470,Japanese,False
1477118,105837,Nobu Next Door,Japanese,5.77,Weekend,4,25,29,54,0.463,0.537,True,4.0,True,True,Low,3,True,42,470,Japanese,False
1476646,103147,Hot Kitchen,Chinese,13.0,Weekend,5,32,25,57,0.561,0.439,True,5.0,True,True,Medium,2,True,2,215,Chinese,True
1478286,102580,Blue Ribbon Sushi Izakaya,Japanese,29.05,Weekday,4,28,25,53,0.528,0.472,True,4.0,True,False,High,1,False,29,470,Japanese,False
1477876,129823,Rubirosa,Italian,12.23,Weekend,Not given,21,18,39,0.538,0.462,False,,False,True,Medium,1,False,37,298,Italian,False
1478443,96943,Cafe Mogador,Middle Eastern,29.88,Weekend,4,20,17,37,0.541,0.459,True,4.0,True,True,High,2,True,18,49,Middle Eastern,False
1478195,115519,Blue Ribbon Fried Chicken,American,20.23,Weekday,4,20,26,46,0.435,0.565,True,4.0,True,False,High,3,True,96,584,American,False
1477787,14869,Shake Shack,American,4.8,Weekend,4,22,24,46,0.478,0.522,True,4.0,True,True,Low,3,True,219,584,American,False
1477093,318545,Serafina Fabulous Pizza,Italian,14.84,Weekday,3,35,31,66,0.53,0.47,True,3.0,False,False,Medium,1,False,5,298,Italian,False
1477140,366954,Blue Ribbon Sushi,Japanese,24.25,Weekend,5,35,16,51,0.686,0.314,True,5.0,True,True,High,2,True,119,470,Japanese,False
1477024,68154,Nobu Next Door,Japanese,12.18,Weekend,5,32,23,55,0.582,0.418,True,5.0,True,True,Low,1,False,42,470,Japanese,False
1478035,178846,Blue Ribbon Fried Chicken,American,10.14,Weekend,4,21,17,38,0.553,0.447,True,4.0,True,True,Low,1,False,96,584,American,False
1477541,196928,Han Dynasty,Chinese,12.13,Weekend,Not given,20,25,45,0.444,0.556,False,,False,True,Low,1,False,46,215,Chinese,False
1477499,306119,Xi'an Famous Foods,Chinese,14.12,Weekend,4,32,19,51,0.627,0.373,True,4.0,True,True,Medium,3,True,9,215,Chinese,False
1478085,42930,Tony's Di Napoli,Italian,11.3,Weekend,4,35,29,64,0.547,0.453,True,4.0,True,True,Low,1,False,5,298,Italian,False
1477374,177078,Lantern Thai Kitchen,Thai,32.93,Weekend,Not given,34,27,61,0.557,0.443,False,,False,True,High,4,True,4,19,Other,False
1477882,80737,RedFarm Broadway,Chinese,24.2,Weekday,Not given,22,33,55,0.4,0.6,False,,False,False,High,2,True,59,215,Chinese,False
1477713,314908,Blue Ribbon Fried Chicken,American,8.44,Weekend,3,31,18,49,0.633,0.367,True,3.0,False,True,Low,1,False,96,584,American,False
1477115,87752,Shake Shack,American,24.25,Weekday,5,20,27,47,0.426,0.574,True,5.0,True,False,High,2,True,219,584,American,False
1476658,127149,P.J. Clarke's,American,31.43,Weekend,4,31,23,54,0.574,0.426,True,4.0,True,True,High,5,True,15,584,American,False
1477491,276192,Sushi of Gari Tribeca,Japanese,9.46,Weekend,Not given,22,29,51,0.431,0.569,False,,False,True,Low,7,True,24,470,Japanese,False
1477867,138426,Tony's Di Napoli,Italian,15.81,Weekend,5,35,30,65,0.538,0.462,True,5.0,True,True,Medium,2,True,5,298,Italian,False
1478097,252342,Westville Hudson,American,12.18,Weekend,3,20,25,45,0.444,0.556,True,3.0,False,True,Low,2,True,15,584,American,False
1478401,112272,The Kati Roll Company,Indian,29.25,Weekend,Not given,30,21,51,0.588,0.412,False,,False,True,High,2,True,16,73,Indian,False
1477382,69025,Han Dynasty,Chinese,6.84,Weekend,5,22,22,44,0.5,0.5,True,5.0,True,True,Low,1,False,46,215,Chinese,False
1478414,41409,Nobu Next Door,Japanese,12.66,Weekend,Not given,20,21,41,0.488,0.512,False,,False,True,Medium,3,True,42,470,Japanese,False
1477638,113507,Parm,Italian,12.18,Weekend,Not given,32,26,58,0.552,0.448,False,,False,True,Low,2,True,68,298,Italian,False
1477183,127934,Blue Ribbon Fried Chicken,American,33.03,Weekend,5,35,25,60,0.583,0.417,True,5.0,True,True,High,3,True,96,584,American,False
1477681,225912,12 Chairs,Middle Eastern,16.3,Weekday,4,27,26,53,0.509,0.491,True,4.0,True,False,Medium,1,False,4,49,Middle Eastern,False
1477582,297130,Blue Ribbon Sushi,Japanese,12.95,Weekend,Not given,22,23,45,0.489,0.511,False,,False,True,Medium,3,True,119,470,Japanese,False
1477190,397588,Kanoyama,Japanese,25.27,Weekday,Not given,29,33,62,0.468,0.532,False,,False,False,High,1,False,3,470,Japanese,True
1477043,142356,Blue Ribbon Sushi,Japanese,6.74,Weekend,4,22,28,50,0.44,0.56,True,4.0,True,True,Low,4,True,119,470,Japanese,False
1477136,120490,Parm,Italian,21.88,Weekend,4,23,30,53,0.434,0.566,True,4.0,True,True,High,2,True,68,298,Italian,False
1476972,111356,Bhatti Indian Grill,Indian,32.98,Weekday,Not given,32,30,62,0.516,0.484,False,,False,False,High,3,True,2,73,Indian,True
1476627,120385,Westville Hudson,American,16.98,Weekend,5,34,20,54,0.63,0.37,True,5.0,True,True,Medium,2,True,15,584,American,False
1477148,385406,The Meatball Shop,Italian,11.59,Weekday,Not given,21,30,51,0.412,0.588,False,,False,False,Low,1,False,132,298,Italian,False
1478165,54851,RedFarm Hudson,Chinese,12.18,Weekend,Not given,22,27,49,0.449,0.551,False,,False,True,Low,1,False,55,215,Chinese,False
1476622,399332,Philippe Chow,Chinese,24.2,Weekday,5,28,30,58,0.483,0.517,True,5.0,True,False,High,1,False,1,215,Chinese,True
1477246,39705,Bukhara Grill,Indian,16.54,Weekend,5,23,17,40,0.575,0.425,True,5.0,True,True,Medium,2,True,2,73,Indian,True
1477512,44759,Sushi of Gari Tribeca,Japanese,9.27,Weekend,Not given,20,17,37,0.541,0.459,False,,False,True,Low,1,False,24,470,Japanese,False
1477696,54809,RedFarm Broadway,Chinese,24.3,Weekday,5,24,31,55,0.436,0.564,True,5.0,True,False,High,1,False,59,215,Chinese,False
1476578,97079,Donburi-ya,Japanese,12.18,Weekend,Not given,23,23,46,0.5,0.5,False,,False,True,Low,6,True,7,470,Japanese,False
1477171,229946,Chipotle Mexican Grill $1.99 Delivery,Mexican,12.13,Weekend,3,34,25,59,0.576,0.424,True,3.0,False,True,Low,5,True,23,77,Mexican,False
1477960,375098,12 Chairs,Middle Eastern,29.1,Weekend,Not given,22,26,48,0.458,0.542,False,,False,True,High,1,False,4,49,Middle Eastern,False
1478260,41991,Blue Ribbon Sushi Bar & Grill,Japanese,12.37,Weekend,Not given,21,16,37,0.568,0.432,False,,False,True,Medium,2,True,44,470,Japanese,False
1476720,91958,Dirty Bird To Go (archived),American,12.13,Weekend,4,22,27,49,0.449,0.551,True,4.0,True,True,Low,2,True,3,584,American,True
1476767,83287,Blue Ribbon Sushi Izakaya,Japanese,18.24,Weekend,5,32,22,54,0.593,0.407,True,5.0,True,True,Medium,9,True,29,470,Japanese,False
1477839,75548,The MasalaWala,Indian,12.13,Weekend,4,32,15,47,0.681,0.319,True,4.0,True,True,Low,2,True,1,73,Indian,True
1477462,304707,Han Dynasty,Chinese,12.08,Weekend,5,27,29,56,0.482,0.518,True,5.0,True,True,Low,1,False,46,215,Chinese,False
1477120,285774,Blue Ribbon Sushi,Japanese,6.79,Weekday,5,21,29,50,0.42,0.58,True,5.0,True,False,Low,1,False,119,470,Japanese,False
1476858,385350,Blue Ribbon Sushi,Japanese,12.13,Weekend,5,26,17,43,0.605,0.395,True,5.0,True,True,Low,1,False,119,470,Japanese,False
1476967,129798,TAO,Japanese,29.49,Weekday,Not given,22,32,54,0.407,0.593,False,,False,False,High,3,True,49,470,Japanese,False
1477808,123977,Vezzo Thin Crust Pizza,Italian,13.05,Weekend,5,31,27,58,0.534,0.466,True,5.0,True,True,Medium,3,True,5,298,Italian,False
1477902,91114,Shake Shack,American,15.77,Weekend,4,35,23,58,0.603,0.397,True,4.0,True,True,Medium,1,False,219,584,American,False
1477416,123977,Vezzo Thin Crust Pizza,Italian,22.26,Weekday,Not given,22,32,54,0.407,0.593,False,,False,False,High,3,True,5,298,Italian,False
1476833,388420,Sushi of Gari 46,Japanese,9.02,Weekend,5,32,17,49,0.653,0.347,True,5.0,True,True,Low,1,False,37,470,Japanese,False
1476813,261665,Han Dynasty,Chinese,7.71,Weekend,5,22,18,40,0.55,0.45,True,5.0,True,True,Low,2,True,46,215,Chinese,False
1477907,213212,Blue Ribbon Fried Chicken,American,14.65,Weekend,Not given,34,23,57,0.596,0.404,False,,False,True,Medium,1,False,96,584,American,False
1477668,160957,Han Dynasty,Chinese,22.31,Weekend,5,29,15,44,0.659,0.341,True,5.0,True,True,High,2,True,46,215,Chinese,False
1477306,94691,brgr,American,5.72,Weekday,3,24,26,50,0.48,0.52,True,3.0,False,False,Low,1,False,2,584,American,True
1478257,41877,Cafe Mogador,Middle Eastern,6.69,Weekend,4,23,30,53,0.434,0.566,True,4.0,True,True,Low,2,True,18,49,Middle Eastern,False
1477662,6987,Hill Country Fried Chicken,Southern,29.78,Weekday,Not given,35,33,68,0.515,0.485,False,,False,False,High,2,True,14,17,Other,False
1478161,52327,Sushi of Gari,Japanese,16.01,Weekend,Not given,33,19,52,0.635,0.365,False,,False,True,Medium,2,True,16,470,Japanese,False
1478225,142574,Sushi of Gari,Japanese,15.96,Weekend,Not given,22,19,41,0.537,0.463,False,,False,True,Medium,2,True,16,470,Japanese,False
1476839,107909,Shake Shack,American,14.07,Weekend,Not given,33,21,54,0.611,0.389,False,,False,True,Medium,6,True,219,584,American,False
1477847,106478,Blue Ribbon Sushi,Japanese,24.25,Weekday,4,22,29,51,0.431,0.569,True,4.0,True,False,High,3,True,119,470,Japanese,False
1476718,35643,Vanessa's Dumpling House,Chinese,14.84,Weekend,5,31,24,55,0.564,0.436,True,5.0,True,True,Medium,3,True,9,215,Chinese,False
1478429,355090,Shake Shack,American,22.85,Weekend,5,24,23,47,0.511,0.489,True,5.0,True,True,High,3,True,219,584,American,False
1476885,133349,Vanessa's Dumplings,Chinese,20.23,Weekend,5,33,17,50,0.66,0.34,True,5.0,True,True,High,1,False,13,215,Chinese,False
1478230,97346,RedFarm Hudson,Chinese,14.6,Weekend,3,30,28,58,0.517,0.483,True,3.0,False,True,Medium,4,True,55,215,Chinese,False
1478162,241080,TAO,Japanese,15.52,Weekend,4,32,27,59,0.542,0.458,True,4.0,True,True,Medium,1,False,49,470,Japanese,False
1477645,343554,Blue Ribbon Fried Chicken,American,8.98,Weekend,3,26,27,53,0.491,0.509,True,3.0,False,True,Low,2,True,96,584,American,False
1477583,370096,Melt Shop,American,19.4,Weekend,4,30,25,55,0.545,0.455,True,4.0,True,True,High,2,True,11,584,American,False
1477214,98319,Five Guys Burgers and Fries,American,13.0,Weekday,5,30,27,57,0.526,0.474,True,5.0,True,False,Medium,1,False,29,584,American,False
1477529,377260,The Smile,American,5.82,Weekend,3,22,25,47,0.468,0.532,True,3.0,False,True,Low,2,True,18,584,American,False
1477648,110792,Blue Ribbon Sushi,Japanese,16.06,Weekend,Not given,24,21,45,0.533,0.467,False,,False,True,Medium,2,True,119,470,Japanese,False
1476874,60901,RedFarm Hudson,Chinese,5.82,Weekend,5,22,22,44,0.5,0.5,True,5.0,True,True,Low,1,False,55,215,Chinese,False
1477097,132906,Sushi of Gari 46,Japanese,13.05,Weekday,Not given,28,30,58,0.483,0.517,False,,False,False,Medium,3,True,37,470,Japanese,False
1477974,41907,Parm,Italian,9.22,Weekend,4,31,25,56,0.554,0.446,True,4.0,True,True,Low,4,True,68,298,Italian,False
1478036,186976,Burger Joint,American,8.35,Weekend,4,28,17,45,0.622,0.378,True,4.0,True,True,Low,1,False,12,584,American,False
1478371,258275,Cafe Habana,Mexican,25.17,Weekend,Not given,27,26,53,0.509,0.491,False,,False,True,High,1,False,16,77,Mexican,False
1476730,344577,Chipotle Mexican Grill $1.99 Delivery,Mexican,29.05,Weekend,4,22,21,43,0.512,0.488,True,4.0,True,True,High,1,False,23,77,Mexican,False
1476768,72757,Jack's Wife Freda,Mediterranean,8.49,Weekend,Not given,23,18,41,0.561,0.439,False,,False,True,Low,2,True,25,46,Mediterranean,False
1476786,103852,Blue Ribbon Sushi,Japanese,6.74,Weekend,5,22,29,51,0.431,0.569,True,5.0,True,True,Low,3,True,119,470,Japanese,False
1478242,372276,Pinto Nouveau Thai Bistro,Thai,24.2,Weekend,5,29,15,44,0.659,0.341,True,5.0,True,True,High,1,False,4,19,Other,False
1477773,72726,Shake Shack,American,12.18,Weekend,5,32,24,56,0.571,0.429,True,5.0,True,True,Low,2,True,219,584,American,False
1477063,317446,The Meatball Shop,Italian,19.4,Weekend,5,28,30,58,0.483,0.517,True,5.0,True,True,High,1,False,132,298,Italian,False
1477419,186454,Shake Shack,American,14.07,Weekend,5,34,17,51,0.667,0.333,True,5.0,True,True,Medium,1,False,219,584,American,False
1476864,381020,RedFarm Broadway,Chinese,31.86,Weekend,4,25,19,44,0.568,0.432,True,4.0,True,True,High,3,True,59,215,Chinese,False
1476791,390484,RedFarm Broadway,Chinese,12.56,Weekday,4,35,33,68,0.515,0.485,True,4.0,True,False,Medium,1,False,59,215,Chinese,False
1477054,351799,Sushi of Gari Tribeca,Japanese,14.07,Weekend,5,34,29,63,0.54,0.46,True,5.0,True,True,Medium,2,True,24,470,Japanese,False
1478184,232359,The Meatball Shop,American,5.82,Weekend,5,30,30,60,0.5,0.5,True,5.0,True,True,Low,3,True,132,584,American,False
1476851,361220,Carmine's,Italian,19.98,Weekday,5,34,30,64,0.531,0.469,True,5.0,True,False,High,2,True,3,298,Italian,True
1476597,373059,Shake Shack,American,14.07,Weekend,Not given,31,25,56,0.554,0.446,False,,False,True,Medium,1,False,219,584,American,False
1477241,42828,Jack's Wife Freda,Mediterranean,14.12,Weekday,5,25,25,50,0.5,0.5,True,5.0,True,False,Medium,1,False,25,46,Mediterranean,False
1477282,241719,Sushi of Gari Tribeca,Japanese,12.42,Weekend,4,23,20,43,0.535,0.465,True,4.0,True,True,Medium,5,True,24,470,Japanese,False
1477874,41168,Parm,Italian,12.13,Weekend,Not given,25,29,54,0.463,0.537,False,,False,True,Low,2,True,68,298,Italian,False
1476852,369809,Five Guys Burgers and Fries,American,19.45,Weekday,3,28,28,56,0.5,0.5,True,3.0,False,False,High,2,True,29,584,American,False
1476958,41638,Blue Ribbon Fried Chicken,American,12.18,Weekend,4,26,29,55,0.473,0.527,True,4.0,True,True,Low,2,True,96,584,American,False
1477226,361728,The Meatball Shop,Italian,6.69,Weekend,Not given,25,18,43,0.581,0.419,False,,False,True,Low,2,True,132,298,Italian,False
1477327,328731,Nobu Next Door,Japanese,13.97,Weekday,Not given,27,24,51,0.529,0.471,False,,False,False,Medium,2,True,42,470,Japanese,False
1476905,360844,Blue Ribbon Sushi Bar & Grill,Japanese,5.72,Weekday,5,32,26,58,0.552,0.448,True,5.0,True,False,Low,3,True,44,470,Japanese,False
1478433,94700,Haandi,Indian,13.1,Weekend,Not given,31,30,61,0.508,0.492,False,,False,True,Medium,2,True,2,73,Indian,True
1476666,205241,Shake Shack,American,6.07,Weekday,4,23,27,50,0.46,0.54,True,4.0,True,False,Low,1,False,219,584,American,False
1476552,334758,Melt Shop,American,12.56,Weekend,4,25,23,48,0.521,0.479,True,4.0,True,True,Medium,3,True,11,584,American,False
1477137,157578,P.J. Clarke's,American,14.07,Weekday,5,33,26,59,0.559,0.441,True,5.0,True,False,Medium,2,True,15,584,American,False
1477440,127934,Blue Ribbon Fried Chicken,American,12.52,Weekday,4,24,31,55,0.436,0.564,True,4.0,True,False,Medium,3,True,96,584,American,False
1477545,144352,Shake Shack,American,21.93,Weekday,Not given,21,33,54,0.389,0.611,False,,False,False,High,2,True,219,584,American,False
1478215,92726,Sarabeth's East,American,25.27,Weekend,4,23,19,42,0.548,0.452,True,4.0,True,True,High,2,True,7,584,American,False
1478301,184325,Asuka Sushi,Japanese,22.75,Weekday,5,25,32,57,0.439,0.561,True,5.0,True,False,High,4,True,3,470,Japanese,True
1477294,39334,The Meatball Shop,American,12.18,Weekend,5,22,26,48,0.458,0.542,True,5.0,True,True,Low,2,True,132,584,American,False
1477235,115841,Rubirosa,Italian,15.38,Weekday,Not given,30,31,61,0.492,0.508,False,,False,False,Medium,1,False,37,298,Italian,False
1478012,114919,Yama Japanese Restaurant,Japanese,12.66,Weekend,Not given,25,26,51,0.49,0.51,False,,False,True,Medium,2,True,18,470,Japanese,False
1477005,87006,Nobu Next Door,Japanese,25.17,Weekend,Not given,21,16,37,0.568,0.432,False,,False,True,High,4,True,42,470,Japanese,False
1476600,141912,P.J. Clarke's,American,24.25,Weekend,Not given,24,15,39,0.615,0.385,False,,False,True,High,2,True,15,584,American,False
1478270,303548,Shake Shack,American,14.02,Weekend,4,20,21,41,0.488,0.512,True,4.0,True,True,Medium,3,True,219,584,American,False
1477299,60039,ilili Restaurant,Middle Eastern,31.33,Weekday,4,29,27,56,0.518,0.482,True,4.0,True,False,High,4,True,18,49,Middle Eastern,False
1477388,396432,Blue Ribbon Sushi Izakaya,Japanese,9.7,Weekend,Not given,25,15,40,0.625,0.375,False,,False,True,Low,2,True,29,470,Japanese,False
1477221,125510,Blue Ribbon Sushi Izakaya,Japanese,33.03,Weekend,3,34,23,57,0.596,0.404,True,3.0,False,True,High,1,False,29,470,Japanese,False
1476691,68775,Sushi of Gari Tribeca,Japanese,24.2,Weekend,Not given,22,21,43,0.512,0.488,False,,False,True,High,3,True,24,470,Japanese,False
1476838,51356,Burger Joint,American,16.15,Weekend,Not given,31,15,46,0.674,0.326,False,,False,True,Medium,1,False,12,584,American,False
1477913,92096,Aurora,Italian,21.93,Weekend,Not given,31,18,49,0.633,0.367,False,,False,True,High,2,True,2,298,Italian,True
1477453,83287,Shake Shack,American,9.41,Weekend,5,22,20,42,0.524,0.476,True,5.0,True,True,Low,9,True,219,584,American,False
1477946,81152,Hill Country Fried Chicken,Southern,14.12,Weekend,5,25,15,40,0.625,0.375,True,5.0,True,True,Medium,1,False,14,17,Other,False
1477395,56219,Parm,Italian,14.55,Weekday,5,30,32,62,0.484,0.516,True,5.0,True,False,Medium,1,False,68,298,Italian,False
1478404,97991,Blue Ribbon Sushi Bar & Grill,Japanese,33.03,Weekend,5,28,15,43,0.651,0.349,True,5.0,True,True,High,6,True,44,470,Japanese,False
1476567,122609,Blue Ribbon Sushi,Japanese,13.0,Weekend,5,34,15,49,0.694,0.306,True,5.0,True,True,Medium,4,True,119,470,Japanese,False
1476903,53874,Sarabeth's,American,25.17,Weekend,3,28,23,51,0.549,0.451,True,3.0,False,True,High,1,False,3,584,American,True
1478374,64151,Rubirosa,Italian,5.97,Weekend,3,30,25,55,0.545,0.455,True,3.0,False,True,Low,4,True,37,298,Italian,False
1476764,44049,Sushi Samba,Japanese,13.0,Weekend,4,33,21,54,0.611,0.389,True,4.0,True,True,Medium,1,False,11,470,Japanese,False
1476629,317993,Melt Shop,American,12.66,Weekend,3,27,26,53,0.509,0.491,True,3.0,False,True,Medium,1,False,11,584,American,False
1476936,260035,Blue Ribbon Sushi Bar & Grill,Japanese,14.12,Weekend,Not given,31,25,56,0.554,0.446,False,,False,True,Medium,1,False,44,470,Japanese,False
1478342,142681,Osteria Morini,Italian,8.3,Weekend,Not given,27,19,46,0.587,0.413,False,,False,True,Low,2,True,14,298,Italian,False
1477229,72339,Hatsuhana,Japanese,17.03,Weekday,4,35,33,68,0.515,0.485,True,4.0,True,False,Medium,2,True,6,470,Japanese,False
1476961,112272,Blue Ribbon Sushi,Japanese,14.02,Weekday,Not given,35,29,64,0.547,0.453,False,,False,False,Medium,2,True,119,470,Japanese,False
1477332,43018,RedFarm Hudson,Chinese,24.2,Weekend,5,27,19,46,0.587,0.413,True,5.0,True,True,High,2,True,55,215,Chinese,False
1478193,83287,Five Guys Burgers and Fries,American,16.01,Weekend,Not given,27,19,46,0.587,0.413,False,,False,True,Medium,9,True,29,584,American,False
1478410,84087,The Meatball Shop,Italian,25.22,Weekend,5,32,25,57,0.561,0.439,True,5.0,True,True,High,5,True,132,298,Italian,False
1477080,67848,The Kati Roll Company,Indian,19.45,Weekend,Not given,25,24,49,0.51,0.49,False,,False,True,High,1,False,16,73,Indian,False
1477169,46696,Blue Ribbon Sushi Bar & Grill,Japanese,12.08,Weekday,5,29,24,53,0.547,0.453,True,5.0,True,False,Low,2,True,44,470,Japanese,False
1476761,64153,Blue Ribbon Fried Chicken,American,24.25,Weekday,5,33,30,63,0.524,0.476,True,5.0,True,False,High,5,True,96,584,American,False
1477584,275689,Cafe Habana,Mexican,16.98,Weekday,4,23,30,53,0.434,0.566,True,4.0,True,False,Medium,6,True,16,77,Mexican,False
1477916,121706,Blue Ribbon Fried Chicken,American,13.0,Weekend,Not given,24,30,54,0.444,0.556,False,,False,True,Medium,3,True,96,584,American,False
1476561,115213,Tamarind TriBeCa,Indian,13.24,Weekend,Not given,23,30,53,0.434,0.566,False,,False,True,Medium,6,True,27,73,Indian,False
1477072,113507,Parm,Italian,29.39,Weekday,Not given,26,30,56,0.464,0.536,False,,False,False,High,2,True,68,298,Italian,False
1476755,331143,Waverly Diner,American,11.59,Weekend,Not given,25,22,47,0.532,0.468,False,,False,True,Low,4,True,7,584,American,False
1478293,84045,Barbounia,Mediterranean,12.13,Weekend,Not given,26,26,52,0.5,0.5,False,,False,True,Low,1,False,6,46,Mediterranean,False
1477142,87151,Rubirosa,Italian,24.2,Weekend,4,23,26,49,0.469,0.531,True,4.0,True,True,High,1,False,37,298,Italian,False
1477494,300003,Crema Restaurante,Mexican,15.86,Weekend,Not given,31,30,61,0.508,0.492,False,,False,True,Medium,3,True,1,77,Mexican,True
1477176,260680,Tamarind TriBeCa,Indian,12.95,Weekday,3,27,24,51,0.529,0.471,True,3.0,False,False,Medium,3,True,27,73,Indian,False
1478383,121905,Shake Shack,American,15.86,Weekend,3,34,20,54,0.63,0.37,True,3.0,False,True,Medium,2,True,219,584,American,False
1476917,58675,Big Daddy's,American,14.84,Weekend,5,32,22,54,0.593,0.407,True,5.0,True,True,Medium,3,True,2,584,American,True
1478082,103005,Yama Japanese Restaurant,Japanese,5.77,Weekend,Not given,34,21,55,0.618,0.382,False,,False,True,Low,3,True,18,470,Japanese,False
1477502,367076,Sushi of Gari 46,Japanese,22.8,Weekend,Not given,30,25,55,0.545,0.455,False,,False,True,High,1,False,37,470,Japanese,False
1477734,81658,The Meatball Shop,Italian,29.25,Weekday,5,35,29,64,0.547,0.453,True,5.0,True,False,High,1,False,132,298,Italian,False
1477151,97991,Blue Ribbon Sushi Bar & Grill,Japanese,22.36,Weekend,4,25,18,43,0.581,0.419,True,4.0,True,True,High,6,True,44,470,Japanese,False
1478333,93437,Sushi of Gari 46,Japanese,22.26,Weekend,5,27,26,53,0.509,0.491,True,5.0,True,True,High,1,False,37,470,Japanese,False
1477013,52832,Donburi-ya,Japanese,8.01,Weekday,5,30,30,60,0.5,0.5,True,5.0,True,False,Low,13,True,7,470,Japanese,False
1476949,14869,Pepe Rosso To Go,Italian,16.3,Weekend,Not given,23,30,53,0.434,0.566,False,,False,True,Medium,3,True,7,298,Italian,False
1477779,39275,TAO,Japanese,31.43,Weekend,Not given,34,20,54,0.63,0.37,False,,False,True,High,2,True,49,470,Japanese,False
1478131,395616,Parm,Italian,12.13,Weekend,3,23,15,38,0.605,0.395,True,3.0,False,True,Low,2,True,68,298,Italian,False
1477769,129798,TAO,Japanese,8.05,Weekday,Not given,26,31,57,0.456,0.544,False,,False,False,Low,3,True,49,470,Japanese,False
1478099,97255,Parm,Italian,19.4,Weekday,Not given,24,28,52,0.462,0.538,False,,False,False,High,1,False,68,298,Italian,False
1476810,95164,Amma,Indian,19.35,Weekend,Not given,30,16,46,0.652,0.348,False,,False,True,Medium,3,True,4,73,Indian,False
1477279,35432,TAO,Japanese,16.15,Weekend,3,24,22,46,0.522,0.478,True,3.0,False,True,Medium,2,True,49,470,Japanese,False
1478309,127130,Momoya,Japanese,16.05,Weekday,4,34,33,67,0.507,0.493,True,4.0,True,False,Medium,2,True,30,470,Japanese,False
1477368,132137,Parm,Italian,24.25,Weekend,4,34,21,55,0.618,0.382,True,4.0,True,True,High,2,True,68,298,Italian,False
1477409,146588,Shake Shack,American,9.07,Weekday,3,35,26,61,0.574,0.426,True,3.0,False,False,Low,4,True,219,584,American,False
1477506,283831,Blue Ribbon Sushi Bar & Grill,Japanese,13.05,Weekday,5,22,28,50,0.44,0.56,True,5.0,True,False,Medium,1,False,44,470,Japanese,False
1476888,342107,Shake Shack,American,12.13,Weekday,5,25,30,55,0.455,0.545,True,5.0,True,False,Low,2,True,219,584,American,False
1477579,349854,Shake Shack,American,24.35,Weekday,5,34,26,60,0.567,0.433,True,5.0,True,False,High,2,True,219,584,American,False
1477977,43856,Han Dynasty,Chinese,16.01,Weekend,5,30,16,46,0.652,0.348,True,5.0,True,True,Medium,1,False,46,215,Chinese,False
1478336,138426,Tony's Di Napoli,Italian,5.82,Weekend,5,26,26,52,0.5,0.5,True,5.0,True,True,Low,2,True,5,298,Italian,False
1477649,106478,Cafe Mogador,Middle Eastern,16.15,Weekend,5,29,27,56,0.518,0.482,True,5.0,True,True,Medium,3,True,18,49,Middle Eastern,False
1477108,47280,Blue Ribbon Sushi,Japanese,29.68,Weekend,3,26,30,56,0.464,0.536,True,3.0,False,True,High,5,True,119,470,Japanese,False
1477947,78560,The Meatball Shop,Italian,12.18,Weekend,3,27,20,47,0.574,0.426,True,3.0,False,True,Low,2,True,132,298,Italian,False
1477488,344586,Sushi of Gari 46,Japanese,12.56,Weekend,4,20,22,42,0.476,0.524,True,4.0,True,True,Medium,1,False,37,470,Japanese,False
1477236,1311,Chipotle Mexican Grill $1.99 Delivery,Mexican,16.1,Weekend,Not given,22,26,48,0.458,0.542,False,,False,True,Medium,1,False,23,77,Mexican,False
1478392,77511,Parm,Italian,21.93,Weekend,4,22,25,47,0.468,0.532,True,4.0,True,True,High,1,False,68,298,Italian,False
1476940,197633,Sushi of Gari 46,Japanese,5.77,Weekday,4,32,24,56,0.571,0.429,True,4.0,True,False,Low,2,True,37,470,Japanese,False
1477671,393765,Nobu Next Door,Japanese,6.02,Weekend,5,33,24,57,0.579,0.421,True,5.0,True,True,Low,1,False,42,470,Japanese,False
1476742,92096,Aurora,Italian,6.74,Weekday,Not given,30,26,56,0.536,0.464,False,,False,False,Low,2,True,2,298,Italian,True
1478177,80683,Blue Ribbon Sushi,Japanese,11.59,Weekend,4,22,18,40,0.55,0.45,True,4.0,True,True,Low,1,False,119,470,Japanese,False
1477035,141496,Dickson's Farmstand Meats,American,33.03,Weekend,5,35,20,55,0.636,0.364,True,5.0,True,True,High,1,False,3,584,American,True
1477923,75115,RedFarm Hudson,Chinese,33.03,Weekend,3,32,19,51,0.627,0.373,True,3.0,False,True,High,2,True,55,215,Chinese,False
1478054,170221,Shake Shack,American,5.72,Weekend,Not given,24,19,43,0.558,0.442,False,,False,True,Low,2,True,219,584,American,False
1477590,145952,Blue Ribbon Sushi,Japanese,29.15,Weekday,Not given,26,24,50,0.52,0.48,False,,False,False,High,2,True,119,470,Japanese,False
1477984,353676,indikitch,Indian,14.07,Weekend,4,20,30,50,0.4,0.6,True,4.0,True,True,Medium,2,True,4,73,Indian,False
1476828,52832,Donburi-ya,Japanese,6.64,Weekday,Not given,21,29,50,0.42,0.58,False,,False,False,Low,13,True,7,470,Japanese,False
1477234,91817,Melt Shop,American,9.6,Weekend,5,30,16,46,0.652,0.348,True,5.0,True,True,Low,5,True,11,584,American,False
1477829,164529,Blue Ribbon Sushi,Japanese,9.32,Weekend,4,32,18,50,0.64,0.36,True,4.0,True,True,Low,2,True,119,470,Japanese,False
1477191,93797,ilili Restaurant,Middle Eastern,25.22,Weekday,5,25,33,58,0.431,0.569,True,5.0,True,False,High,2,True,18,49,Middle Eastern,False
1477509,382076,Shake Shack,American,16.93,Weekend,Not given,25,26,51,0.49,0.51,False,,False,True,Medium,2,True,219,584,American,False
1477950,301032,Blue Ribbon Fried Chicken,American,16.44,Weekend,4,24,16,40,0.6,0.4,True,4.0,True,True,Medium,5,True,96,584,American,False
1476679,241719,Blue Ribbon Sushi Izakaya,Japanese,14.41,Weekend,5,22,20,42,0.524,0.476,True,5.0,True,True,Medium,5,True,29,470,Japanese,False
1478388,285143,Pepe Rosso To Go,Italian,12.13,Weekend,4,25,18,43,0.581,0.419,True,4.0,True,True,Low,1,False,7,298,Italian,False
1478078,54608,Tamarind TriBeCa,Indian,22.26,Weekend,5,34,15,49,0.694,0.306,True,5.0,True,True,High,2,True,27,73,Indian,False
1477443,105903,Shake Shack,American,24.3,Weekday,4,35,29,64,0.547,0.453,True,4.0,True,False,High,1,False,219,584,American,False
1477272,143984,The Smile,American,12.27,Weekday,Not given,32,24,56,0.571,0.429,False,,False,False,Medium,3,True,18,584,American,False
1476868,122609,Blue Ribbon Sushi Izakaya,Japanese,12.23,Weekend,Not given,33,23,56,0.589,0.411,False,,False,True,Medium,4,True,29,470,Japanese,False
1478432,331143,Waverly Diner,American,14.6,Weekday,3,20,32,52,0.385,0.615,True,3.0,False,False,Medium,4,True,7,584,American,False
1476988,94115,Moonstruck on Second,American,14.94,Weekend,5,27,20,47,0.574,0.426,True,5.0,True,True,Medium,1,False,1,584,American,True
1476762,367111,Blue Ribbon Sushi Bar & Grill,Japanese,16.54,Weekend,Not given,27,17,44,0.614,0.386,False,,False,True,Medium,1,False,44,470,Japanese,False
1477925,347181,RedFarm Hudson,Chinese,11.64,Weekend,Not given,34,18,52,0.654,0.346,False,,False,True,Low,3,True,55,215,Chinese,False
1478145,42461,Melt Shop,American,11.69,Weekday,4,21,27,48,0.438,0.562,True,4.0,True,False,Low,1,False,11,584,American,False
1477042,209179,RedFarm Broadway,Chinese,6.74,Weekend,Not given,31,27,58,0.534,0.466,False,,False,True,Low,2,True,59,215,Chinese,False
1476834,176622,Cafe Mogador,Middle Eastern,9.22,Weekend,Not given,23,15,38,0.605,0.395,False,,False,True,Low,2,True,18,49,Middle Eastern,False
1477446,88333,The Meatball Shop,American,5.77,Weekend,Not given,33,27,60,0.55,0.45,False,,False,True,Low,1,False,132,584,American,False
1477727,333311,Blue Ribbon Sushi Izakaya,Japanese,21.93,Weekend,Not given,35,26,61,0.574,0.426,False,,False,True,High,1,False,29,470,Japanese,False
1476812,83287,Shake Shack,American,9.02,Weekday,4,23,27,50,0.46,0.54,True,4.0,True,False,Low,9,True,219,584,American,False
1477948,141550,Serafina Fabulous Pizza,Italian,22.8,Weekday,4,28,31,59,0.475,0.525,True,4.0,True,False,High,1,False,5,298,Italian,False
1477739,63096,Rubirosa,Italian,12.51,Weekend,5,21,15,36,0.583,0.417,True,5.0,True,True,Medium,2,True,37,298,Italian,False
1476801,104130,Ravagh Persian Grill,Middle Eastern,14.07,Weekday,5,34,33,67,0.507,0.493,True,5.0,True,False,Medium,3,True,3,49,Middle Eastern,True
1477530,64754,The Kati Roll Company,Indian,5.34,Weekend,4,27,18,45,0.6,0.4,True,4.0,True,True,Low,1,False,16,73,Indian,False
1478140,62730,Westville Hudson,American,29.1,Weekend,Not given,20,24,44,0.455,0.545,False,,False,True,High,2,True,15,584,American,False
1477398,87357,Five Guys Burgers and Fries,American,6.4,Weekday,5,23,32,55,0.418,0.582,True,5.0,True,False,Low,2,True,29,584,American,False
1477575,367800,Cafe Mogador,Middle Eastern,14.12,Weekend,Not given,24,24,48,0.5,0.5,False,,False,True,Medium,1,False,18,49,Middle Eastern,False
1477780,303409,TAO,Japanese,12.18,Weekend,Not given,23,24,47,0.489,0.511,False,,False,True,Low,1,False,49,470,Japanese,False
1477726,268958,Osteria Morini,Italian,19.45,Weekend,Not given,26,29,55,0.473,0.527,False,,False,True,High,3,True,14,298,Italian,False
1477703,121681,Momoya,Japanese,11.59,Weekend,5,20,21,41,0.488,0.512,True,5.0,True,True,Low,1,False,30,470,Japanese,False
1476631,57263,Nobu Next Door,Japanese,9.22,Weekend,Not given,29,23,52,0.558,0.442,False,,False,True,Low,2,True,42,470,Japanese,False
1476822,284256,Empanada Mama (closed),Mexican,12.13,Weekend,5,21,22,43,0.488,0.512,True,5.0,True,True,Low,2,True,13,77,Mexican,False
1477869,125854,Shake Shack,American,15.76,Weekend,4,34,27,61,0.557,0.443,True,4.0,True,True,Medium,1,False,219,584,American,False
1478245,52832,Junoon,Indian,29.49,Weekend,5,23,17,40,0.575,0.425,True,5.0,True,True,High,13,True,5,73,Indian,False
1477250,41409,Nobu Next Door,Japanese,19.35,Weekend,4,28,30,58,0.483,0.517,True,4.0,True,True,Medium,3,True,42,470,Japanese,False
1477591,97806,Shake Shack,American,31.43,Weekend,Not given,30,19,49,0.612,0.388,False,,False,True,High,5,True,219,584,American,False
1477840,35309,Blue Ribbon Sushi,Japanese,19.4,Weekend,5,24,25,49,0.49,0.51,True,5.0,True,True,High,2,True,119,470,Japanese,False
1477613,186473,Blue Ribbon Sushi,Japanese,11.69,Weekend,Not given,28,29,57,0.491,0.509,False,,False,True,Low,5,True,119,470,Japanese,False
1477129,52832,Han Dynasty,Chinese,19.3,Weekend,Not given,34,21,55,0.618,0.382,False,,False,True,Medium,13,True,46,215,Chinese,False
1476670,355970,The Meatball Shop,Italian,7.61,Weekend,3,20,26,46,0.435,0.565,True,3.0,False,True,Low,1,False,132,298,Italian,False
1478155,5693,The Meatball Shop,Italian,8.3,Weekday,Not given,29,32,61,0.475,0.525,False,,False,False,Low,1,False,132,298,Italian,False
1477928,70709,RedFarm Hudson,Chinese,25.17,Weekend,Not given,21,17,38,0.553,0.447,False,,False,True,High,1,False,55,215,Chinese,False
1478233,264707,TAO,Japanese,12.08,Weekday,3,24,26,50,0.48,0.52,True,3.0,False,False,Low,4,True,49,470,Japanese,False
1477622,84087,The Meatball Shop,Italian,12.71,Weekday,5,29,33,62,0.468,0.532,True,5.0,True,False,Medium,5,True,132,298,Italian,False
1478130,114410,The Meatball Shop,Italian,12.18,Weekend,Not given,20,16,36,0.556,0.444,False,,False,True,Low,2,True,132,298,Italian,False
1477698,60835,Parm,Italian,29.35,Weekend,5,29,17,46,0.63,0.37,True,5.0,True,True,High,3,True,68,298,Italian,False
1478080,312853,Five Guys Burgers and Fries,American,25.27,Weekend,5,27,29,56,0.482,0.518,True,5.0,True,True,High,1,False,29,584,American,False
1477533,236739,Xi'an Famous Foods,Chinese,8.54,Weekend,5,29,30,59,0.492,0.508,True,5.0,True,True,Low,2,True,9,215,Chinese,False
1476729,396481,Han Dynasty,Chinese,29.15,Weekend,Not given,27,15,42,0.643,0.357,False,,False,True,High,1,False,46,215,Chinese,False
1477980,385150,Blue Ribbon Sushi,Japanese,17.85,Weekend,Not given,28,18,46,0.609,0.391,False,,False,True,Medium,4,True,119,470,Japanese,False
1478019,106006,Blue Ribbon Sushi Izakaya,Japanese,16.1,Weekend,3,20,28,48,0.417,0.583,True,3.0,False,True,Medium,1,False,29,470,Japanese,False
1477505,399832,The Kati Roll Company,Indian,14.07,Weekend,5,23,20,43,0.535,0.465,True,5.0,True,True,Medium,1,False,16,73,Indian,False
1477204,376578,Shake Shack,American,15.57,Weekday,4,34,25,59,0.576,0.424,True,4.0,True,False,Medium,3,True,219,584,American,False
1477988,82041,Parm,Italian,16.44,Weekend,4,23,22,45,0.511,0.489,True,4.0,True,True,Medium,7,True,68,298,Italian,False
1478345,365871,Cafe de La Esquina,Mexican,16.06,Weekend,5,27,21,48,0.562,0.438,True,5.0,True,True,Medium,1,False,1,77,Mexican,True
1478413,318689,Olive Garden,Italian,6.74,Weekend,5,23,19,42,0.548,0.452,True,5.0,True,True,Low,2,True,2,298,Italian,True
1476639,399172,Blue Ribbon Fried Chicken,American,14.07,Weekday,Not given,20,31,51,0.392,0.608,False,,False,False,Medium,1,False,96,584,American,False
1477985,325272,Cho Dang Gol,Korean,12.13,Weekend,4,29,16,45,0.644,0.356,True,4.0,True,True,Low,2,True,6,13,Other,False
1477198,86449,The Meatball Shop,Italian,8.54,Weekend,3,31,15,46,0.674,0.326,True,3.0,False,True,Low,1,False,132,298,Italian,False
1476973,101746,Cafeteria,American,11.59,Weekend,Not given,24,19,43,0.558,0.442,False,,False,True,Low,1,False,9,584,American,False
1477961,167738,Jack's Wife Freda,Mediterranean,31.43,Weekend,5,34,20,54,0.63,0.37,True,5.0,True,True,High,1,False,25,46,Mediterranean,False
1477092,144851,Benihana,Japanese,16.11,Weekend,Not given,25,29,54,0.463,0.537,False,,False,True,Medium,1,False,5,470,Japanese,False
1477866,44706,Blue Ribbon Sushi,Japanese,9.41,Weekend,5,24,18,42,0.571,0.429,True,5.0,True,True,Low,1,False,119,470,Japanese,False
1478041,96456,67 Burger,American,29.05,Weekday,5,20,28,48,0.417,0.583,True,5.0,True,False,High,1,False,1,584,American,True
1477860,209179,RedFarm Broadway,Chinese,5.87,Weekend,4,27,22,49,0.551,0.449,True,4.0,True,True,Low,2,True,59,215,Chinese,False
1478232,77371,Blue Ribbon Sushi Bar & Grill,Japanese,12.18,Weekend,4,24,15,39,0.615,0.385,True,4.0,True,True,Low,1,False,44,470,Japanese,False
1477023,99288,Boqueria,Spanish,12.13,Weekday,Not given,33,28,61,0.541,0.459,False,,False,False,Low,2,True,9,12,Other,False
1477455,38336,Rubirosa,Italian,16.2,Weekend,4,21,27,48,0.438,0.562,True,4.0,True,True,Medium,1,False,37,298,Italian,False
1477709,110461,Blue Ribbon Sushi,Japanese,5.97,Weekend,3,31,30,61,0.508,0.492,True,3.0,False,True,Low,2,True,119,470,Japanese,False
1477263,291667,Shake Shack,American,12.23,Weekday,5,35,25,60,0.583,0.417,True,5.0,True,False,Medium,1,False,219,584,American,False
1477242,63890,Blue Ribbon Sushi,Japanese,14.12,Weekday,5,35,33,68,0.515,0.485,True,5.0,True,False,Medium,1,False,119,470,Japanese,False
1476788,310706,Parm,Italian,6.74,Weekday,5,25,30,55,0.455,0.545,True,5.0,True,False,Low,1,False,68,298,Italian,False
1477783,73895,RedFarm Broadway,Chinese,19.4,Weekend,5,24,25,49,0.49,0.51,True,5.0,True,True,High,2,True,59,215,Chinese,False
1478231,141732,Blue Ribbon Fried Chicken,American,12.13,Weekend,Not given,35,29,64,0.547,0.453,False,,False,True,Low,4,True,96,584,American,False
1476798,110858,Burger Joint,American,14.16,Weekend,4,28,28,56,0.5,0.5,True,4.0,True,True,Medium,1,False,12,584,American,False
1477432,345798,Yama Japanese Restaurant,Japanese,12.13,Weekend,Not given,26,26,52,0.5,0.5,False,,False,True,Low,1,False,18,470,Japanese,False
1478044,354719,Jack's Wife Freda,Mediterranean,31.38,Weekend,Not given,28,18,46,0.609,0.391,False,,False,True,High,3,True,25,46,Mediterranean,False
1477789,185355,Sushi Samba,Japanese,22.85,Weekday,5,21,32,53,0.396,0.604,True,5.0,True,False,High,1,False,11,470,Japanese,False
1477736,361701,Westville Hudson,American,32.93,Weekend,5,30,20,50,0.6,0.4,True,5.0,True,True,High,1,False,15,584,American,False
1478235,114234,The Meatball Shop,Italian,19.4,Weekend,Not given,20,16,36,0.556,0.444,False,,False,True,High,1,False,132,298,Italian,False
1478156,41968,Shake Shack,American,8.1,Weekend,Not given,25,24,49,0.51,0.49,False,,False,True,Low,1,False,219,584,American,False
1478262,48851,Melt Shop,American,9.02,Weekday,Not given,29,24,53,0.547,0.453,False,,False,False,Low,1,False,11,584,American,False
1476554,368663,Shake Shack,American,9.12,Weekend,Not given,31,19,50,0.62,0.38,False,,False,True,Low,2,True,219,584,American,False
1476787,78887,TAO,Japanese,6.69,Weekday,4,26,25,51,0.51,0.49,True,4.0,True,False,Low,1,False,49,470,Japanese,False
1476744,71743,Serafina Fabulous Pizza,Italian,16.88,Weekend,Not given,33,27,60,0.55,0.45,False,,False,True,Medium,1,False,5,298,Italian,False
1476951,331143,Waverly Diner,American,16.3,Weekday,3,28,25,53,0.528,0.472,True,3.0,False,False,Medium,4,True,7,584,American,False
1477429,252965,Five Guys Burgers and Fries,American,9.27,Weekend,4,23,25,48,0.479,0.521,True,4.0,True,True,Low,1,False,29,584,American,False
1476986,298794,TAO,Japanese,15.86,Weekend,4,22,17,39,0.564,0.436,True,4.0,True,True,Medium,1,False,49,470,Japanese,False
1477441,275689,Blue Ribbon Sushi,Japanese,12.23,Weekend,Not given,20,24,44,0.455,0.545,False,,False,True,Medium,6,True,119,470,Japanese,False
1477667,106478,Balthazar Boulangerie,French,12.13,Weekend,5,25,24,49,0.51,0.49,True,5.0,True,True,Low,3,True,10,18,Other,False
1476583,62929,Bareburger,American,17.03,Weekend,5,35,21,56,0.625,0.375,True,5.0,True,True,Medium,1,False,27,584,American,False
1478030,131093,Bareburger,American,13.77,Weekend,3,33,29,62,0.532,0.468,True,3.0,False,True,Medium,1,False,27,584,American,False
1478373,40808,V-Nam Cafe,Vietnamese,6.01,Weekday,3,20,31,51,0.392,0.608,True,3.0,False,False,Low,2,True,4,7,Other,False
1477634,387227,Blue Ribbon Sushi Bar & Grill,Japanese,29.25,Weekday,Not given,25,29,54,0.463,0.537,False,,False,False,High,2,True,44,470,Japanese,False
1476591,128224,Blue Ribbon Sushi,Japanese,16.1,Weekend,3,26,17,43,0.605,0.395,True,3.0,False,True,Medium,3,True,119,470,Japanese,False
1476704,325285,RedFarm Hudson,Chinese,5.73,Weekday,Not given,25,25,50,0.5,0.5,False,,False,False,Low,3,True,55,215,Chinese,False
1478216,142619,Shake Shack,American,6.07,Weekend,4,28,19,47,0.596,0.404,True,4.0,True,True,Low,2,True,219,584,American,False
1478066,156218,RedFarm Hudson,Chinese,15.23,Weekend,5,31,16,47,0.66,0.34,True,5.0,True,True,Medium,1,False,55,215,Chinese,False
1477626,122802,Parm,Italian,9.17,Weekend,Not given,25,17,42,0.595,0.405,False,,False,True,Low,1,False,68,298,Italian,False
1476861,94700,Tamarind TriBeCa,Indian,29.15,Weekend,3,35,22,57,0.614,0.386,True,3.0,False,True,High,2,True,27,73,Indian,False
1476899,335155,Shake Shack,American,29.05,Weekend,4,33,16,49,0.673,0.327,True,4.0,True,True,High,1,False,219,584,American,False
1478248,113926,Han Dynasty,Chinese,33.03,Weekday,5,35,32,67,0.522,0.478,True,5.0,True,False,High,2,True,46,215,Chinese,False
1477827,65009,Blue Ribbon Sushi Izakaya,Japanese,8.83,Weekday,5,34,27,61,0.557,0.443,True,5.0,True,False,Low,7,True,29,470,Japanese,False
1477227,373689,Bareburger,American,6.74,Weekend,Not given,26,29,55,0.473,0.527,False,,False,True,Low,2,True,27,584,American,False
1478034,77786,Sushi of Gari Tribeca,Japanese,17.03,Weekend,Not given,23,22,45,0.511,0.489,False,,False,True,Medium,1,False,24,470,Japanese,False
1478181,97079,Benihana,Japanese,25.22,Weekday,4,27,27,54,0.5,0.5,True,4.0,True,False,High,6,True,5,470,Japanese,False
1477489,14869,Tres Carnes,Mexican,9.17,Weekend,4,25,30,55,0.455,0.545,True,4.0,True,True,Low,3,True,3,77,Mexican,True
1476804,113477,Schnipper's Quality Kitchen,American,12.18,Weekend,Not given,31,22,53,0.585,0.415,False,,False,True,Low,1,False,3,584,American,True
1478004,54540,Parm,Italian,12.18,Weekend,Not given,29,16,45,0.644,0.356,False,,False,True,Low,1,False,68,298,Italian,False
1477650,284835,Shake Shack,American,15.57,Weekend,5,32,17,49,0.653,0.347,True,5.0,True,True,Medium,2,True,219,584,American,False
1478069,130521,Lucky's Famous Burgers,American,12.13,Weekday,5,21,30,51,0.412,0.588,True,5.0,True,False,Low,2,True,6,584,American,False
1477175,47235,Blue Ribbon Fried Chicken,American,14.6,Weekend,3,27,27,54,0.5,0.5,True,3.0,False,True,Medium,1,False,96,584,American,False
1477943,294478,Sushi of Gari 46,Japanese,11.84,Weekend,Not given,27,24,51,0.529,0.471,False,,False,True,Low,2,True,37,470,Japanese,False
1477467,164005,Sushi of Gari,Japanese,14.07,Weekend,Not given,35,26,61,0.574,0.426,False,,False,True,Medium,2,True,16,470,Japanese,False
1477474,357761,Go! Go! Curry!,Japanese,33.03,Weekend,Not given,22,15,37,0.595,0.405,False,,False,True,High,1,False,3,470,Japanese,True
1477996,82041,Shake Shack,American,8.1,Weekend,5,26,27,53,0.491,0.509,True,5.0,True,True,Low,7,True,219,584,American,False
1477782,275689,Dirty Bird to Go,American,12.18,Weekday,Not given,20,24,44,0.455,0.545,False,,False,False,Low,6,True,4,584,American,False
1477527,120353,Parm,Italian,5.72,Weekend,4,26,27,53,0.491,0.509,True,4.0,True,True,Low,3,True,68,298,Italian,False
1476837,147468,Nha Trang One,Vietnamese,15.67,Weekday,3,23,24,47,0.489,0.511,True,3.0,False,False,Medium,3,True,1,7,Other,True
1477686,105837,Nobu Next Door,Japanese,12.18,Weekend,4,29,20,49,0.592,0.408,True,4.0,True,True,Low,3,True,42,470,Japanese,False
1476795,103970,Shake Shack,American,16.2,Weekend,Not given,20,21,41,0.488,0.512,False,,False,True,Medium,2,True,219,584,American,False
1477599,60270,Market Table,American,6.79,Weekend,Not given,21,17,38,0.553,0.447,False,,False,True,Low,1,False,1,584,American,True
1477564,378820,Sushi Samba,Japanese,12.61,Weekend,5,29,29,58,0.5,0.5,True,5.0,True,True,Medium,2,True,11,470,Japanese,False
1476733,264707,TAO,Japanese,32.93,Weekend,Not given,34,16,50,0.68,0.32,False,,False,True,High,4,True,49,470,Japanese,False
1477753,65306,Sushi of Gari Tribeca,Japanese,14.79,Weekend,Not given,32,24,56,0.571,0.429,False,,False,True,Medium,2,True,24,470,Japanese,False
1476825,143866,Otto Enoteca Pizzeria,Italian,24.2,Weekend,Not given,34,15,49,0.694,0.306,False,,False,True,High,2,True,12,298,Italian,False
1478010,49987,Parm,Italian,6.69,Weekend,5,24,28,52,0.462,0.538,True,5.0,True,True,Low,1,False,68,298,Italian,False
1477113,6987,Hill Country Fried Chicken,Southern,12.23,Weekday,4,20,29,49,0.408,0.592,True,4.0,True,False,Medium,2,True,14,17,Other,False
1476549,75169,Tamarind TriBeCa,Indian,6.74,Weekend,5,25,26,51,0.49,0.51,True,5.0,True,True,Low,1,False,27,73,Indian,False
1476676,186473,Blue Ribbon Sushi,Japanese,16.06,Weekday,Not given,34,33,67,0.507,0.493,False,,False,False,Medium,5,True,119,470,Japanese,False
1477595,370337,Blue Ribbon Fried Chicken,American,12.23,Weekend,Not given,30,20,50,0.6,0.4,False,,False,True,Medium,1,False,96,584,American,False
1477618,184325,Asuka Sushi,Japanese,22.8,Weekend,Not given,30,28,58,0.517,0.483,False,,False,True,High,4,True,3,470,Japanese,True
1477911,65306,Sushi of Gari Tribeca,Japanese,12.18,Weekend,5,35,19,54,0.648,0.352,True,5.0,True,True,Low,2,True,24,470,Japanese,False
1476630,182252,Five Leaves,American,9.17,Weekend,4,34,23,57,0.596,0.404,True,4.0,True,True,Low,2,True,4,584,American,False
1477546,67162,Shake Shack,American,14.07,Weekday,4,24,28,52,0.462,0.538,True,4.0,True,False,Medium,1,False,219,584,American,False
1477320,397261,Blue Ribbon Fried Chicken,American,14.84,Weekend,5,21,25,46,0.457,0.543,True,5.0,True,True,Medium,1,False,96,584,American,False
1477084,283051,Shake Shack,American,6.69,Weekday,5,26,32,58,0.448,0.552,True,5.0,True,False,Low,1,False,219,584,American,False
1476726,41907,Hatsuhana,Japanese,14.07,Weekend,Not given,26,17,43,0.605,0.395,False,,False,True,Medium,4,True,6,470,Japanese,False
1478427,86806,Pylos,Mediterranean,14.12,Weekday,4,26,24,50,0.52,0.48,True,4.0,True,False,Medium,1,False,5,46,Mediterranean,False
1476743,183520,Blue Ribbon Sushi,Japanese,6.69,Weekend,Not given,35,26,61,0.574,0.426,False,,False,True,Low,5,True,119,470,Japanese,False
1478238,59314,Shake Shack,American,13.58,Weekend,Not given,25,24,49,0.51,0.49,False,,False,True,Medium,1,False,219,584,American,False
1476695,68300,Blue Ribbon Fried Chicken,American,33.18,Weekend,Not given,26,20,46,0.565,0.435,False,,False,True,High,2,True,96,584,American,False
1476573,370405,Haveli Indian Restaurant,Indian,29.1,Weekday,3,23,24,47,0.489,0.511,True,3.0,False,False,High,2,True,2,73,Indian,True
1478323,354948,Westville Hudson,American,24.25,Weekend,Not given,25,21,46,0.543,0.457,False,,False,True,High,2,True,15,584,American,False
1477735,302769,Blue Ribbon Fried Chicken,American,29.05,Weekend,5,29,20,49,0.592,0.408,True,5.0,True,True,High,1,False,96,584,American,False
1477674,334372,Rubirosa,Italian,6.55,Weekend,Not given,23,15,38,0.605,0.395,False,,False,True,Low,1,False,37,298,Italian,False
1478006,42781,Blue Ribbon Sushi,Japanese,24.3,Weekday,Not given,21,26,47,0.447,0.553,False,,False,False,High,1,False,119,470,Japanese,False
1478033,67748,Rubirosa,Italian,19.4,Weekend,4,34,16,50,0.68,0.32,True,4.0,True,True,High,1,False,37,298,Italian,False
1478186,302923,Shake Shack,American,20.52,Weekend,3,31,15,46,0.674,0.326,True,3.0,False,True,High,1,False,219,584,American,False
1477776,115213,Tamarind TriBeCa,Indian,29.39,Weekend,5,30,25,55,0.545,0.455,True,5.0,True,True,High,6,True,27,73,Indian,False
1478312,398952,Han Dynasty,Chinese,13.78,Weekend,5,27,20,47,0.574,0.426,True,5.0,True,True,Medium,2,True,46,215,Chinese,False
1477757,60688,Shake Shack,American,14.12,Weekend,Not given,29,30,59,0.492,0.508,False,,False,True,Medium,1,False,219,584,American,False
1477291,198194,The Kati Roll Company,Indian,19.4,Weekday,5,24,30,54,0.444,0.556,True,5.0,True,False,High,1,False,16,73,Indian,False
1478168,78879,Blue Ribbon Fried Chicken,American,19.4,Weekend,4,33,21,54,0.611,0.389,True,4.0,True,True,High,2,True,96,584,American,False
1477269,255697,Sushi Samba,Japanese,6.84,Weekend,5,27,20,47,0.574,0.426,True,5.0,True,True,Low,2,True,11,470,Japanese,False
1477896,42052,Pepe Rosso To Go,Italian,22.8,Weekend,5,35,24,59,0.593,0.407,True,5.0,True,True,High,2,True,7,298,Italian,False
1477507,146588,Shake Shack,American,19.4,Weekend,5,33,27,60,0.55,0.45,True,5.0,True,True,High,4,True,219,584,American,False
1478271,347181,RedFarm Hudson,Chinese,14.12,Weekend,5,21,24,45,0.467,0.533,True,5.0,True,True,Medium,3,True,55,215,Chinese,False
1477853,115213,Junoon,Indian,28.62,Weekday,5,21,32,53,0.396,0.604,True,5.0,True,False,High,6,True,5,73,Indian,False
1477001,318451,Blue Ribbon Sushi,Japanese,29.25,Weekend,Not given,22,27,49,0.449,0.551,False,,False,True,High,4,True,119,470,Japanese,False
1476948,86421,Vanessa's Dumpling House,Chinese,9.65,Weekend,5,20,22,42,0.476,0.524,True,5.0,True,True,Low,1,False,9,215,Chinese,False
1478347,251817,Blue Ribbon Fried Chicken,American,15.71,Weekend,3,27,25,52,0.519,0.481,True,3.0,False,True,Medium,1,False,96,584,American,False
1478098,132906,Sushi of Gari 46,Japanese,12.13,Weekday,Not given,20,33,53,0.377,0.623,False,,False,False,Low,3,True,37,470,Japanese,False
1477457,92806,Shake Shack,American,15.18,Weekday,5,30,33,63,0.476,0.524,True,5.0,True,False,Medium,3,True,219,584,American,False
1477393,79849,Parm,Italian,22.36,Weekend,4,21,30,51,0.412,0.588,True,4.0,True,True,High,2,True,68,298,Italian,False
1476956,55220,Saravanaa Bhavan,Indian,12.13,Weekday,Not given,32,26,58,0.552,0.448,False,,False,False,Low,1,False,5,73,Indian,False
1477653,142619,Shake Shack,American,12.13,Weekend,5,26,26,52,0.5,0.5,True,5.0,True,True,Low,2,True,219,584,American,False
1477261,76938,Sushi of Gari,Japanese,31.43,Weekend,Not given,21,27,48,0.438,0.562,False,,False,True,High,1,False,16,470,Japanese,False
1478127,78879,Blue Ribbon Fried Chicken,American,20.18,Weekend,3,22,20,42,0.524,0.476,True,3.0,False,True,High,2,True,96,584,American,False
1476556,301380,ilili Restaurant,Middle Eastern,16.3,Weekend,4,27,16,43,0.628,0.372,True,4.0,True,True,Medium,1,False,18,49,Middle Eastern,False
1477280,377274,RedFarm Broadway,Chinese,14.07,Weekend,3,34,17,51,0.667,0.333,True,3.0,False,True,Medium,1,False,59,215,Chinese,False
1477968,350083,Sushi of Gari,Japanese,6.69,Weekend,4,22,16,38,0.579,0.421,True,4.0,True,True,Low,1,False,16,470,Japanese,False
1476784,105385,Han Dynasty,Chinese,24.2,Weekend,5,23,15,38,0.605,0.395,True,5.0,True,True,High,2,True,46,215,Chinese,False
1478255,382076,Shake Shack,American,6.69,Weekday,Not given,20,29,49,0.408,0.592,False,,False,False,Low,2,True,219,584,American,False
1478224,74048,ilili Restaurant,Middle Eastern,9.56,Weekend,Not given,27,27,54,0.5,0.5,False,,False,True,Low,2,True,18,49,Middle Eastern,False
1476672,105385,Han Dynasty,Chinese,8.54,Weekend,4,31,15,46,0.674,0.326,True,4.0,True,True,Low,2,True,46,215,Chinese,False
1478240,44367,Rubirosa,Italian,24.2,Weekend,4,34,16,50,0.68,0.32,True,4.0,True,True,High,1,False,37,298,Italian,False
1477864,81166,Dos Caminos,Mexican,8.1,Weekday,Not given,23,26,49,0.469,0.531,False,,False,False,Low,2,True,8,77,Mexican,False
1476869,241356,Blue Ribbon Fried Chicken,American,19.35,Weekday,Not given,35,24,59,0.593,0.407,False,,False,False,Medium,1,False,96,584,American,False
1476886,320088,Cafe Mogador,Middle Eastern,13.68,Weekend,4,29,18,47,0.617,0.383,True,4.0,True,True,Medium,1,False,18,49,Middle Eastern,False
1478101,105068,TAO,Japanese,13.97,Weekend,5,28,25,53,0.528,0.472,True,5.0,True,True,Medium,2,True,49,470,Japanese,False
1476712,385150,Blue Ribbon Sushi,Japanese,9.75,Weekday,5,27,27,54,0.5,0.5,True,5.0,True,False,Low,4,True,119,470,Japanese,False
1477083,308517,Tamarind TriBeCa,Indian,6.74,Weekend,4,20,17,37,0.541,0.459,True,4.0,True,True,Low,1,False,27,73,Indian,False
1478164,138024,Cho Dang Gol,Korean,11.84,Weekend,5,25,16,41,0.61,0.39,True,5.0,True,True,Low,2,True,6,13,Other,False
1477390,199049,Five Guys Burgers and Fries,American,16.05,Weekend,4,29,18,47,0.617,0.383,True,4.0,True,True,Medium,1,False,29,584,American,False
1478273,65009,Blue Ribbon Sushi Izakaya,Japanese,12.23,Weekend,Not given,21,23,44,0.477,0.523,False,,False,True,Medium,7,True,29,470,Japanese,False
1476900,240014,Sarabeth's,American,32.93,Weekday,4,33,33,66,0.5,0.5,True,4.0,True,False,High,1,False,3,584,American,True
1477060,94152,Empanada Mama (closed),Mexican,14.21,Weekend,Not given,27,25,52,0.519,0.481,False,,False,True,Medium,5,True,13,77,Mexican,False
1477697,362685,Momoya,Japanese,29.1,Weekday,4,21,29,50,0.42,0.58,True,4.0,True,False,High,1,False,30,470,Japanese,False
1477833,27609,Shake Shack,American,15.57,Weekday,Not given,28,30,58,0.483,0.517,False,,False,False,Medium,3,True,219,584,American,False
1477295,140530,Sushi of Gari 46,Japanese,12.13,Weekend,Not given,25,29,54,0.463,0.537,False,,False,True,Low,2,True,37,470,Japanese,False
1476655,91817,Blue Ribbon Fried Chicken,American,29.15,Weekend,4,31,17,48,0.646,0.354,True,4.0,True,True,High,5,True,96,584,American,False
1477585,350410,Burger Joint,American,11.98,Weekend,Not given,20,17,37,0.541,0.459,False,,False,True,Low,1,False,12,584,American,False
1478175,349676,Sarabeth's,American,29.3,Weekend,5,23,17,40,0.575,0.425,True,5.0,True,True,High,1,False,3,584,American,True
1477982,39421,Go! Go! Curry!,Japanese,14.02,Weekday,4,22,27,49,0.449,0.551,True,4.0,True,False,Medium,1,False,3,470,Japanese,True
1476697,46219,The Meatball Shop,American,32.93,Weekend,3,35,16,51,0.686,0.314,True,3.0,False,True,High,1,False,132,584,American,False
1477053,398489,Five Guys Burgers and Fries,American,14.07,Weekday,Not given,24,26,50,0.48,0.52,False,,False,False,Medium,1,False,29,584,American,False
1477152,92364,Sushi of Gari 46,Japanese,25.17,Weekend,Not given,29,27,56,0.518,0.482,False,,False,True,High,1,False,37,470,Japanese,False
1478308,358158,Galli Restaurant,Italian,16.06,Weekend,5,22,16,38,0.579,0.421,True,5.0,True,True,Medium,2,True,1,298,Italian,True
1478028,44594,Shake Shack,American,24.25,Weekend,5,31,28,59,0.525,0.475,True,5.0,True,True,High,1,False,219,584,American,False
1477555,361497,V-Nam Cafe,Vietnamese,12.13,Weekend,4,20,26,46,0.435,0.565,True,4.0,True,True,Low,1,False,4,7,Other,False
1478137,209418,Izakaya Ten,Japanese,13.05,Weekend,3,34,23,57,0.596,0.404,True,3.0,False,True,Medium,2,True,3,470,Japanese,True
1477803,165110,Room Service,Thai,12.23,Weekend,Not given,35,16,51,0.686,0.314,False,,False,True,Medium,2,True,3,19,Other,True
1476771,365225,P.J. Clarke's,American,12.18,Weekday,5,30,24,54,0.556,0.444,True,5.0,True,False,Low,3,True,15,584,American,False
1478362,134152,The Meatball Shop,Italian,29.1,Weekday,5,22,33,55,0.4,0.6,True,5.0,True,False,High,2,True,132,298,Italian,False
1476722,328551,Kanoyama,Japanese,12.81,Weekend,5,23,24,47,0.489,0.511,True,5.0,True,True,Medium,2,True,3,470,Japanese,True
1477503,99621,Westville Hudson,American,24.3,Weekend,Not given,32,15,47,0.681,0.319,False,,False,True,High,4,True,15,584,American,False
1478126,113972,Parm,Italian,14.79,Weekend,Not given,33,29,62,0.532,0.468,False,,False,True,Medium,4,True,68,298,Italian,False
1478076,96800,Sarabeth's East,American,29.3,Weekend,Not given,27,20,47,0.574,0.426,False,,False,True,High,1,False,7,584,American,False
1477350,59095,Blue Ribbon Fried Chicken,American,8.93,Weekday,5,34,30,64,0.531,0.469,True,5.0,True,False,Low,1,False,96,584,American,False
1478111,366954,Blue Ribbon Sushi,Japanese,12.23,Weekend,4,29,22,51,0.569,0.431,True,4.0,True,True,Medium,2,True,119,470,Japanese,False
1477976,69348,RedFarm Broadway,Chinese,16.1,Weekend,5,21,27,48,0.438,0.562,True,5.0,True,True,Medium,2,True,59,215,Chinese,False
1477439,113926,Five Guys Burgers and Fries,American,12.08,Weekday,Not given,28,27,55,0.509,0.491,False,,False,False,Low,2,True,29,584,American,False
1477469,96943,Cafe Mogador,Middle Eastern,24.25,Weekend,Not given,26,22,48,0.542,0.458,False,,False,True,High,2,True,18,49,Middle Eastern,False
1478314,338599,Yama Japanese Restaurant,Japanese,12.18,Weekday,Not given,30,25,55,0.545,0.455,False,,False,False,Low,3,True,18,470,Japanese,False
1476641,57943,brgr,American,14.07,Weekend,Not given,26,24,50,0.52,0.48,False,,False,True,Medium,3,True,2,584,American,True
1478194,67937,Shake Shack,American,15.52,Weekend,5,22,17,39,0.564,0.436,True,5.0,True,True,Medium,1,False,219,584,American,False
1477293,316402,The Meatball Shop,American,12.13,Weekend,Not given,23,23,46,0.5,0.5,False,,False,True,Low,2,True,132,584,American,False
1477884,348096,Parm,Italian,29.44,Weekend,4,33,24,57,0.579,0.421,True,4.0,True,True,High,4,True,68,298,Italian,False
1477351,150577,Sushi of Gari Tribeca,Japanese,8.63,Weekend,5,33,17,50,0.66,0.34,True,5.0,True,True,Low,1,False,24,470,Japanese,False
1476907,87006,Nobu Next Door,Japanese,5.67,Weekday,5,33,25,58,0.569,0.431,True,5.0,True,False,Low,4,True,42,470,Japanese,False
1477817,335897,Sushi of Gari 46,Japanese,12.18,Weekday,4,24,27,51,0.471,0.529,True,4.0,True,False,Low,1,False,37,470,Japanese,False
1477408,125542,Hampton Chutney Co.,Thai,12.37,Weekend,4,21,20,41,0.512,0.488,True,4.0,True,True,Medium,1,False,1,19,Other,True
1477953,39334,The Meatball Shop,American,19.35,Weekend,4,31,25,56,0.554,0.446,True,4.0,True,True,Medium,2,True,132,584,American,False
1477924,288808,The Meatball Shop,Italian,32.98,Weekday,5,26,27,53,0.491,0.509,True,5.0,True,False,High,1,False,132,298,Italian,False
1477995,140477,Momoya,Japanese,8.1,Weekend,Not given,32,27,59,0.542,0.458,False,,False,True,Low,3,True,30,470,Japanese,False
1476709,105837,Nobu Next Door,Japanese,11.11,Weekend,Not given,25,30,55,0.455,0.545,False,,False,True,Low,3,True,42,470,Japanese,False
1478188,99288,The Meatball Shop,American,12.56,Weekend,Not given,28,22,50,0.56,0.44,False,,False,True,Medium,2,True,132,584,American,False
1477153,120353,Parm,Italian,25.27,Weekday,Not given,27,27,54,0.5,0.5,False,,False,False,High,3,True,68,298,Italian,False
1477802,85091,The Meatball Shop,Italian,12.13,Weekend,4,21,25,46,0.457,0.543,True,4.0,True,True,Low,3,True,132,298,Italian,False
1477715,217363,Jack's Wife Freda,Mediterranean,9.41,Weekend,5,28,15,43,0.651,0.349,True,5.0,True,True,Low,1,False,25,46,Mediterranean,False
1478263,201535,Blue Ribbon Fried Chicken,American,9.51,Weekday,Not given,30,29,59,0.508,0.492,False,,False,False,Low,1,False,96,584,American,False
1477669,260844,Byblos Restaurant,Middle Eastern,25.27,Weekend,3,33,16,49,0.673,0.327,True,3.0,False,True,High,2,True,2,49,Middle Eastern,True
1478187,111411,Blue Ribbon Sushi,Japanese,12.56,Weekend,Not given,32,20,52,0.615,0.385,False,,False,True,Medium,1,False,119,470,Japanese,False
1476559,47440,Bareburger,American,15.57,Weekday,4,24,28,52,0.462,0.538,True,4.0,True,False,Medium,10,True,27,584,American,False
1477464,320187,TAO,Japanese,19.35,Weekend,Not given,34,22,56,0.607,0.393,False,,False,True,Medium,2,True,49,470,Japanese,False
1477143,165695,The Smile,American,29.1,Weekend,Not given,22,16,38,0.579,0.421,False,,False,True,High,3,True,18,584,American,False
1476683,263075,Burger Joint,American,12.23,Weekday,Not given,21,27,48,0.438,0.562,False,,False,False,Medium,1,False,12,584,American,False
1477358,83287,Boqueria,Spanish,14.5,Weekend,Not given,35,29,64,0.547,0.453,False,,False,True,Medium,9,True,9,12,Other,False
1478149,303548,Shake Shack,American,25.22,Weekend,3,27,25,52,0.519,0.481,True,3.0,False,True,High,3,True,219,584,American,False
1477761,123977,Blue Ribbon Sushi,Japanese,24.35,Weekend,5,33,22,55,0.6,0.4,True,5.0,True,True,High,3,True,119,470,Japanese,False
1478311,326505,Blue Ribbon Fried Chicken,American,21.29,Weekend,5,28,29,57,0.491,0.509,True,5.0,True,True,High,1,False,96,584,American,False
1477956,177078,Lantern Thai Kitchen,Thai,9.46,Weekend,5,29,19,48,0.604,0.396,True,5.0,True,True,Low,4,True,4,19,Other,False
1476925,354719,The Meatball Shop,Italian,14.02,Weekday,5,32,32,64,0.5,0.5,True,5.0,True,False,Medium,3,True,132,298,Italian,False
1476950,270444,P.J. Clarke's,American,15.96,Weekend,Not given,27,18,45,0.6,0.4,False,,False,True,Medium,2,True,15,584,American,False
1477363,51675,Blue Ribbon Sushi,Japanese,19.4,Weekday,Not given,24,24,48,0.5,0.5,False,,False,False,High,1,False,119,470,Japanese,False
1476832,385191,Donburi-ya,Japanese,12.37,Weekend,5,24,17,41,0.585,0.415,True,5.0,True,True,Medium,1,False,7,470,Japanese,False
1476681,68258,Parm,Italian,12.13,Weekday,4,23,31,54,0.426,0.574,True,4.0,True,False,Low,2,True,68,298,Italian,False
1478100,62667,Balthazar Boulangerie,French,21.93,Weekend,Not given,31,20,51,0.608,0.392,False,,False,True,High,4,True,10,18,Other,False
1478218,209418,Izakaya Ten,Japanese,6.02,Weekend,Not given,24,19,43,0.558,0.442,False,,False,True,Low,2,True,3,470,Japanese,True
1477655,96666,Empanada Mama (closed),Mexican,19.35,Weekend,5,29,22,51,0.569,0.431,True,5.0,True,True,Medium,1,False,13,77,Mexican,False
1477553,52037,L'Express,French,22.02,Weekday,Not given,21,27,48,0.438,0.562,False,,False,False,High,2,True,6,18,Other,False
1477957,285937,TAO,Japanese,8.0,Weekday,4,28,24,52,0.538,0.462,True,4.0,True,False,Low,1,False,49,470,Japanese,False
1476692,175327,Nobu Next Door,Japanese,29.1,Weekday,3,35,27,62,0.565,0.435,True,3.0,False,False,High,1,False,42,470,Japanese,False
1478172,125123,Sushi Samba,Japanese,12.95,Weekend,Not given,21,21,42,0.5,0.5,False,,False,True,Medium,5,True,11,470,Japanese,False
1476836,68551,Blue Ribbon Sushi Bar & Grill,Japanese,16.1,Weekend,Not given,27,27,54,0.5,0.5,False,,False,True,Medium,3,True,44,470,Japanese,False
1477009,396815,Blue Ribbon Fried Chicken,American,5.73,Weekend,Not given,34,16,50,0.68,0.32,False,,False,True,Low,1,False,96,584,American,False
1477510,231061,Han Dynasty,Chinese,8.1,Weekend,5,23,26,49,0.469,0.531,True,5.0,True,True,Low,4,True,46,215,Chinese,False
1477954,130237,Tamarind TriBeCa,Indian,16.98,Weekend,5,22,17,39,0.564,0.436,True,5.0,True,True,Medium,1,False,27,73,Indian,False
1476609,48677,Shake Shack,American,8.34,Weekend,Not given,23,28,51,0.451,0.549,False,,False,True,Low,2,True,219,584,American,False
1476785,78939,Blue Ribbon Sushi,Japanese,24.25,Weekday,Not given,29,25,54,0.537,0.463,False,,False,False,High,5,True,119,470,Japanese,False
1477182,383826,Song Thai Restaurant & Bar,Thai,29.2,Weekend,5,21,28,49,0.429,0.571,True,5.0,True,True,High,1,False,2,19,Other,True
1477979,201438,S'MAC,American,14.55,Weekend,Not given,29,29,58,0.5,0.5,False,,False,True,Medium,1,False,12,584,American,False
1477304,88406,The Meatball Shop,Italian,24.2,Weekday,4,28,30,58,0.483,0.517,True,4.0,True,False,High,1,False,132,298,Italian,False
1476823,60039,Blue Ribbon Sushi,Japanese,12.13,Weekday,Not given,32,29,61,0.525,0.475,False,,False,False,Low,4,True,119,470,Japanese,False
1478434,40500,J. G. Melon,American,19.45,Weekend,5,24,15,39,0.615,0.385,True,5.0,True,True,High,2,True,15,584,American,False
1477411,143721,Hummus Place,Middle Eastern,9.75,Weekend,5,28,28,56,0.5,0.5,True,5.0,True,True,Low,2,True,3,49,Middle Eastern,True
1477720,215219,Empanada Mama (closed),Mexican,19.98,Weekday,4,23,32,55,0.418,0.582,True,4.0,True,False,High,1,False,13,77,Mexican,False
1476638,46696,Blue Ribbon Sushi Bar & Grill,Japanese,11.88,Weekend,5,25,17,42,0.595,0.405,True,5.0,True,True,Low,2,True,44,470,Japanese,False
1478411,361846,RedFarm Broadway,Chinese,6.69,Weekend,Not given,27,24,51,0.529,0.471,False,,False,True,Low,2,True,59,215,Chinese,False
1477166,402215,RedFarm Hudson,Chinese,21.29,Weekend,4,32,25,57,0.561,0.439,True,4.0,True,True,High,1,False,55,215,Chinese,False
1477338,81110,Hill Country Fried Chicken,Southern,11.64,Weekend,4,35,21,56,0.625,0.375,True,4.0,True,True,Low,5,True,14,17,Other,False
1477003,120833,Bareburger,American,32.93,Weekend,Not given,29,24,53,0.547,0.453,False,,False,True,High,2,True,27,584,American,False
1477565,65009,Blue Ribbon Fried Chicken,American,12.56,Weekday,5,27,27,54,0.5,0.5,True,5.0,True,False,Medium,7,True,96,584,American,False
1477842,299221,RedFarm Broadway,Chinese,14.07,Weekday,Not given,35,33,68,0.515,0.485,False,,False,False,Medium,1,False,59,215,Chinese,False
1478328,58898,Rubirosa,Italian,33.03,Weekend,5,22,28,50,0.44,0.56,True,5.0,True,True,High,4,True,37,298,Italian,False
1477289,72322,Cafe Mogador,Middle Eastern,12.95,Weekend,3,21,20,41,0.512,0.488,True,3.0,False,True,Medium,1,False,18,49,Middle Eastern,False
1478146,207281,Shake Shack,American,12.27,Weekend,5,24,28,52,0.462,0.538,True,5.0,True,True,Medium,2,True,219,584,American,False
1476662,115213,Tamarind TriBeCa,Indian,12.18,Weekend,5,25,20,45,0.556,0.444,True,5.0,True,True,Low,6,True,27,73,Indian,False
1476991,81828,The Meatball Shop,Italian,12.08,Weekend,3,32,19,51,0.627,0.373,True,3.0,False,True,Low,2,True,132,298,Italian,False
1477433,283331,Dickson's Farmstand Meats,American,12.18,Weekend,5,21,20,41,0.512,0.488,True,5.0,True,True,Low,1,False,3,584,American,True
1478250,369272,Blue Ribbon Sushi,Japanese,12.22,Weekend,Not given,34,28,62,0.548,0.452,False,,False,True,Medium,3,True,119,470,Japanese,False
1478239,400390,Shake Shack,American,12.95,Weekend,4,30,26,56,0.536,0.464,True,4.0,True,True,Medium,1,False,219,584,American,False
1477370,89889,Sushi of Gari 46,Japanese,29.1,Weekday,5,32,30,62,0.516,0.484,True,5.0,True,False,High,1,False,37,470,Japanese,False
1477580,79849,Chipotle Mexican Grill $1.99 Delivery,Mexican,15.23,Weekend,Not given,31,21,52,0.596,0.404,False,,False,True,Medium,2,True,23,77,Mexican,False
1478091,369272,Blue Ribbon Sushi Bar & Grill,Japanese,15.81,Weekday,Not given,21,29,50,0.42,0.58,False,,False,False,Medium,3,True,44,470,Japanese,False
1477795,169478,RedFarm Broadway,Chinese,15.96,Weekday,4,35,33,68,0.515,0.485,True,4.0,True,False,Medium,3,True,59,215,Chinese,False
1477903,47440,Bareburger,American,16.25,Weekend,Not given,32,28,60,0.533,0.467,False,,False,True,Medium,10,True,27,584,American,False
1478439,48444,TAO,Japanese,8.54,Weekend,4,26,23,49,0.531,0.469,True,4.0,True,True,Low,1,False,49,470,Japanese,False
1476731,94480,TAO,Japanese,29.1,Weekend,Not given,28,23,51,0.549,0.451,False,,False,True,High,3,True,49,470,Japanese,False
1476827,148649,Blue Ribbon Sushi,Japanese,6.74,Weekend,Not given,31,27,58,0.534,0.466,False,,False,True,Low,2,True,119,470,Japanese,False
1476777,69749,Blue Ribbon Sushi,Japanese,31.38,Weekend,Not given,26,27,53,0.491,0.509,False,,False,True,High,1,False,119,470,Japanese,False
1478027,41907,Parm,Italian,22.75,Weekday,Not given,30,27,57,0.526,0.474,False,,False,False,High,4,True,68,298,Italian,False
1476811,47386,Barbounia,Mediterranean,16.93,Weekend,5,30,18,48,0.625,0.375,True,5.0,True,True,Medium,3,True,6,46,Mediterranean,False
1477184,108659,Rubirosa,Italian,32.98,Weekend,Not given,33,30,63,0.524,0.476,False,,False,True,High,3,True,37,298,Italian,False
1477119,47594,Shake Shack,American,5.82,Weekday,Not given,29,29,58,0.5,0.5,False,,False,False,Low,2,True,219,584,American,False
1478021,97991,Blue Ribbon Sushi Bar & Grill,Japanese,22.26,Weekday,Not given,20,26,46,0.435,0.565,False,,False,False,High,6,True,44,470,Japanese,False
1476990,301032,Mission Cantina,Mexican,15.57,Weekend,5,21,28,49,0.429,0.571,True,5.0,True,True,Medium,5,True,5,77,Mexican,False
1478329,116992,Tres Carnes,Mexican,33.32,Weekday,4,21,33,54,0.389,0.611,True,4.0,True,False,High,1,False,3,77,Mexican,True
1478385,250494,Blue Ribbon Fried Chicken,American,21.34,Weekend,5,28,21,49,0.571,0.429,True,5.0,True,True,High,8,True,96,584,American,False
1477300,232359,The Meatball Shop,American,31.43,Weekend,4,20,21,41,0.488,0.512,True,4.0,True,True,High,3,True,132,584,American,False
1477275,58088,Sushi of Gari 46,Japanese,9.22,Weekend,4,32,28,60,0.533,0.467,True,4.0,True,True,Low,2,True,37,470,Japanese,False
1477994,127130,Momoya,Japanese,9.55,Weekend,5,30,26,56,0.536,0.464,True,5.0,True,True,Low,2,True,30,470,Japanese,False
1477123,270525,The Smile,American,8.59,Weekend,4,32,29,61,0.525,0.475,True,4.0,True,True,Low,4,True,18,584,American,False
1476758,120504,Schnipper's Quality Kitchen,American,14.02,Weekend,5,20,16,36,0.556,0.444,True,5.0,True,True,Medium,1,False,3,584,American,True
1477940,42274,Joe's Shanghai,Chinese,16.15,Weekend,3,33,20,53,0.623,0.377,True,3.0,False,True,Medium,1,False,4,215,Chinese,False
1477089,398930,RedFarm Broadway,Chinese,8.97,Weekend,Not given,21,16,37,0.568,0.432,False,,False,True,Low,1,False,59,215,Chinese,False
1476587,355713,TAO,Japanese,9.22,Weekend,5,26,25,51,0.51,0.49,True,5.0,True,True,Low,2,True,49,470,Japanese,False
1478015,364714,Nobu Next Door,Japanese,8.97,Weekday,Not given,22,31,53,0.415,0.585,False,,False,False,Low,1,False,42,470,Japanese,False
1478023,243910,Nobu Next Door,Japanese,14.12,Weekend,3,30,19,49,0.612,0.388,True,3.0,False,True,Medium,1,False,42,470,Japanese,False
1476766,45837,Shake Shack,American,19.35,Weekend,4,21,29,50,0.42,0.58,True,4.0,True,True,Medium,1,False,219,584,American,False
1477347,66636,Shake Shack,American,20.52,Weekend,Not given,31,26,57,0.544,0.456,False,,False,True,High,2,True,219,584,American,False
1478339,35643,Vanessa's Dumpling House,Chinese,18.43,Weekend,5,34,28,62,0.548,0.452,True,5.0,True,True,Medium,3,True,9,215,Chinese,False
1477647,359228,Yama Japanese Restaurant,Japanese,9.27,Weekend,Not given,23,29,52,0.442,0.558,False,,False,True,Low,1,False,18,470,Japanese,False
1477478,140757,Parm,Italian,12.47,Weekend,Not given,22,24,46,0.478,0.522,False,,False,True,Medium,1,False,68,298,Italian,False
1477180,154339,Chipotle Mexican Grill $1.99 Delivery,Mexican,29.15,Weekday,Not given,21,24,45,0.467,0.533,False,,False,False,High,1,False,23,77,Mexican,False
1478110,250494,Shake Shack,American,12.18,Weekend,Not given,23,16,39,0.59,0.41,False,,False,True,Low,8,True,219,584,American,False
1476632,120385,Westville Hudson,American,9.51,Weekend,Not given,27,28,55,0.491,0.509,False,,False,True,Low,2,True,15,584,American,False
1478352,142192,Otto Enoteca Pizzeria,Italian,12.18,Weekend,5,21,20,41,0.512,0.488,True,5.0,True,True,Low,1,False,12,298,Italian,False
1477079,49086,Jack's Wife Freda,Mediterranean,12.13,Weekend,4,33,23,56,0.589,0.411,True,4.0,True,True,Low,2,True,25,46,Mediterranean,False
1477384,127445,Shake Shack,American,6.79,Weekend,4,35,30,65,0.538,0.462,True,4.0,True,True,Low,1,False,219,584,American,False
1477262,43636,Blue Ribbon Fried Chicken,American,12.08,Weekend,4,21,21,42,0.5,0.5,True,4.0,True,True,Low,2,True,96,584,American,False
1476602,88078,RedFarm Hudson,Chinese,13.92,Weekend,5,28,24,52,0.538,0.462,True,5.0,True,True,Medium,3,True,55,215,Chinese,False
1477741,46859,The Meatball Shop,Italian,6.84,Weekend,Not given,25,18,43,0.581,0.419,False,,False,True,Low,2,True,132,298,Italian,False
1478370,57638,Grand Sichuan International,Chinese,25.27,Weekday,5,35,30,65,0.538,0.462,True,5.0,True,False,High,1,False,4,215,Chinese,False
1477232,275689,Nobu Next Door,Japanese,9.17,Weekend,Not given,24,15,39,0.615,0.385,False,,False,True,Low,6,True,42,470,Japanese,False
1477444,88075,Shake Shack,American,24.3,Weekday,4,33,30,63,0.524,0.476,True,4.0,True,False,High,1,False,219,584,American,False
1478346,66498,Shake Shack,American,16.2,Weekday,Not given,27,30,57,0.474,0.526,False,,False,False,Medium,1,False,219,584,American,False
1477539,152675,Tres Carnes,Mexican,20.13,Weekend,Not given,35,18,53,0.66,0.34,False,,False,True,High,1,False,3,77,Mexican,True
1477172,59749,Bareburger,American,19.35,Weekday,4,33,27,60,0.55,0.45,True,4.0,True,False,Medium,2,True,27,584,American,False
1477418,387102,Vanessa's Dumplings,Chinese,14.02,Weekend,4,22,24,46,0.478,0.522,True,4.0,True,True,Medium,1,False,13,215,Chinese,False
1476937,142045,Shake Shack,American,22.36,Weekday,Not given,33,25,58,0.569,0.431,False,,False,False,High,1,False,219,584,American,False
1477962,59703,Big Daddy's,American,12.08,Weekend,5,22,16,38,0.579,0.421,True,5.0,True,True,Low,1,False,2,584,American,True
1477630,355090,Shake Shack,American,12.18,Weekday,Not given,26,27,53,0.491,0.509,False,,False,False,Low,3,True,219,584,American,False
1477497,76942,Sarabeth's Restaurant,American,12.27,Weekend,5,24,24,48,0.5,0.5,True,5.0,True,True,Medium,3,True,7,584,American,False
1477930,100065,Han Dynasty,Chinese,6.64,Weekend,Not given,25,29,54,0.463,0.537,False,,False,True,Low,1,False,46,215,Chinese,False
1476778,276192,Sushi of Gari Tribeca,Japanese,31.33,Weekday,Not given,34,26,60,0.567,0.433,False,,False,False,High,7,True,24,470,Japanese,False
1477155,50563,J. G. Melon,American,6.06,Weekday,4,24,27,51,0.471,0.529,True,4.0,True,False,Low,1,False,15,584,American,False
1478139,107909,Shake Shack,American,24.2,Weekday,Not given,22,31,53,0.415,0.585,False,,False,False,High,6,True,219,584,American,False
1477317,61889,Parm,Italian,15.77,Weekend,4,27,18,45,0.6,0.4,True,4.0,True,True,Medium,1,False,68,298,Italian,False
1476694,91105,Cafe Mogador,Middle Eastern,29.05,Weekend,4,27,30,57,0.474,0.526,True,4.0,True,True,High,1,False,18,49,Middle Eastern,False
1476987,88078,RedFarm Hudson,Chinese,15.96,Weekend,3,21,18,39,0.538,0.462,True,3.0,False,True,Medium,3,True,55,215,Chinese,False
1476942,118975,Shake Shack,American,5.72,Weekend,Not given,34,17,51,0.667,0.333,False,,False,True,Low,2,True,219,584,American,False
1477344,99621,Jack's Wife Freda,Mediterranean,5.67,Weekday,3,24,29,53,0.453,0.547,True,3.0,False,False,Low,4,True,25,46,Mediterranean,False
1477813,260844,Byblos Restaurant,Middle Eastern,24.2,Weekend,Not given,32,20,52,0.615,0.385,False,,False,True,High,2,True,2,49,Middle Eastern,True
1477417,355759,Pinto Nouveau Thai Bistro,Thai,11.79,Weekend,5,21,27,48,0.438,0.562,True,5.0,True,True,Low,1,False,4,19,Other,False
1476671,49620,Cafe Habana,Mexican,8.73,Weekday,3,27,28,55,0.491,0.509,True,3.0,False,False,Low,1,False,16,77,Mexican,False
1477805,290313,RedFarm Broadway,Chinese,21.93,Weekend,Not given,22,22,44,0.5,0.5,False,,False,True,High,1,False,59,215,Chinese,False
1477305,45846,The Meatball Shop,American,24.2,Weekend,5,21,30,51,0.412,0.588,True,5.0,True,True,High,1,False,132,584,American,False
1477223,303548,J. G. Melon,American,22.26,Weekend,5,22,25,47,0.468,0.532,True,5.0,True,True,High,3,True,15,584,American,False
1478394,106940,Blue Ribbon Sushi,Japanese,14.5,Weekday,3,34,24,58,0.586,0.414,True,3.0,False,False,Medium,2,True,119,470,Japanese,False
1477963,115519,Blue Ribbon Fried Chicken,American,12.23,Weekend,5,27,27,54,0.5,0.5,True,5.0,True,True,Medium,3,True,96,584,American,False
1477861,125320,Shake Shack,American,20.57,Weekend,5,24,19,43,0.558,0.442,True,5.0,True,True,High,1,False,219,584,American,False
1477201,332635,TAO,Japanese,16.05,Weekend,4,23,20,43,0.535,0.465,True,4.0,True,True,Medium,1,False,49,470,Japanese,False
1478253,67345,Parm,Italian,25.27,Weekend,5,28,16,44,0.636,0.364,True,5.0,True,True,High,2,True,68,298,Italian,False
1476607,197633,Sushi of Gari 46,Japanese,7.38,Weekend,Not given,29,28,57,0.509,0.491,False,,False,True,Low,2,True,37,470,Japanese,False
1477540,341136,Blue Ribbon Sushi,Japanese,13.78,Weekend,4,32,23,55,0.582,0.418,True,4.0,True,True,Medium,1,False,119,470,Japanese,False
1478117,56642,Bareburger,American,22.85,Weekday,Not given,21,30,51,0.412,0.588,False,,False,False,High,1,False,27,584,American,False
1477515,95049,Sushi of Gari 46,Japanese,12.13,Weekend,Not given,31,24,55,0.564,0.436,False,,False,True,Low,2,True,37,470,Japanese,False
1477329,80737,RedFarm Broadway,Chinese,12.9,Weekday,3,29,29,58,0.5,0.5,True,3.0,False,False,Medium,2,True,59,215,Chinese,False
1477218,333216,Shake Shack,American,29.49,Weekend,5,20,24,44,0.455,0.545,True,5.0,True,True,High,1,False,219,584,American,False
1476633,137565,Shake Shack,American,15.76,Weekend,5,20,25,45,0.444,0.556,True,5.0,True,True,Medium,3,True,219,584,American,False
1476776,125123,Le Grainne Cafe,French,29.25,Weekend,5,27,24,51,0.529,0.471,True,5.0,True,True,High,5,True,2,18,Other,True
1477447,398952,Han Dynasty,Chinese,5.82,Weekend,Not given,26,24,50,0.52,0.48,False,,False,True,Low,2,True,46,215,Chinese,False
1477878,62730,Westville Hudson,American,21.88,Weekend,5,20,15,35,0.571,0.429,True,5.0,True,True,High,2,True,15,584,American,False
1478122,96262,Cafe Habana,Mexican,9.51,Weekend,5,22,21,43,0.512,0.488,True,5.0,True,True,Low,2,True,16,77,Mexican,False
1476601,270789,Vanessa's Dumplings,Chinese,15.09,Weekend,Not given,25,25,50,0.5,0.5,False,,False,True,Medium,2,True,13,215,Chinese,False
1478206,108659,Osteria Morini,Italian,24.2,Weekday,3,28,28,56,0.5,0.5,True,3.0,False,False,High,3,True,14,298,Italian,False
1478326,82901,Il Bambino,Italian,29.25,Weekend,4,34,29,63,0.54,0.46,True,4.0,True,True,High,1,False,1,298,Italian,True
1477691,366327,Parm,Italian,16.44,Weekend,5,29,26,55,0.527,0.473,True,5.0,True,True,Medium,1,False,68,298,Italian,False
1477845,127056,Blue Ribbon Sushi,Japanese,24.3,Weekday,5,21,33,54,0.389,0.611,True,5.0,True,False,High,1,False,119,470,Japanese,False
1478300,175703,The Meatball Shop,Italian,6.06,Weekend,Not given,20,27,47,0.426,0.574,False,,False,True,Low,2,True,132,298,Italian,False
1478147,372415,Five Guys Burgers and Fries,American,12.18,Weekend,Not given,21,19,40,0.525,0.475,False,,False,True,Low,1,False,29,584,American,False
1476719,77540,Parm,Italian,12.08,Weekend,3,25,28,53,0.472,0.528,True,3.0,False,True,Low,2,True,68,298,Italian,False
1476765,147519,Sushi of Gari Tribeca,Japanese,19.45,Weekend,4,25,15,40,0.625,0.375,True,4.0,True,True,High,1,False,24,470,Japanese,False
1476985,64370,The Meatball Shop,Italian,9.65,Weekend,Not given,29,16,45,0.644,0.356,False,,False,True,Low,1,False,132,298,Italian,False
1478317,128216,Shake Shack,American,19.74,Weekday,4,35,32,67,0.522,0.478,True,4.0,True,False,High,2,True,219,584,American,False
1477461,241719,Kori Restaurant and Bar,Korean,12.18,Weekday,4,26,26,52,0.5,0.5,True,4.0,True,False,Low,5,True,1,13,Other,True
1477028,60052,RedFarm Broadway,Chinese,14.55,Weekend,5,28,20,48,0.583,0.417,True,5.0,True,True,Medium,6,True,59,215,Chinese,False
1477672,59742,J. G. Melon,American,6.07,Weekday,3,29,25,54,0.537,0.463,True,3.0,False,False,Low,2,True,15,584,American,False
1478307,365225,Sarabeth's Restaurant,American,15.91,Weekday,Not given,20,31,51,0.392,0.608,False,,False,False,Medium,3,True,7,584,American,False
1477971,210544,Despaña,Spanish,16.98,Weekend,Not given,20,22,42,0.476,0.524,False,,False,True,Medium,2,True,2,12,Other,True
1477225,140530,Sushi of Gari 46,Japanese,25.22,Weekend,Not given,32,28,60,0.533,0.467,False,,False,True,High,2,True,37,470,Japanese,False
1477146,49793,Yama Japanese Restaurant,Japanese,32.93,Weekend,5,29,17,46,0.63,0.37,True,5.0,True,True,High,2,True,18,470,Japanese,False
1477460,134058,The Meatball Shop,Italian,12.08,Weekday,5,33,25,58,0.569,0.431,True,5.0,True,False,Low,2,True,132,298,Italian,False
1477848,276192,12 Chairs,Middle Eastern,29.05,Weekday,5,28,32,60,0.467,0.533,True,5.0,True,False,High,7,True,4,49,Middle Eastern,False
1478138,50323,Rubirosa,Italian,24.3,Weekend,Not given,30,26,56,0.536,0.464,False,,False,True,High,1,False,37,298,Italian,False
1476918,135769,Blue Ribbon Sushi,Japanese,18.04,Weekend,Not given,35,28,63,0.556,0.444,False,,False,True,Medium,2,True,119,470,Japanese,False
1477935,378482,Lamarca Pasta,Italian,9.22,Weekend,Not given,23,19,42,0.548,0.452,False,,False,True,Low,4,True,1,298,Italian,True
1477549,297130,L'Express,French,29.2,Weekend,5,21,29,50,0.42,0.58,True,5.0,True,True,High,3,True,6,18,Other,False
1476932,301032,Mission Cantina,Mexican,29.15,Weekend,Not given,31,26,57,0.544,0.456,False,,False,True,High,5,True,5,77,Mexican,False
1477574,212326,RedFarm Broadway,Chinese,12.32,Weekday,Not given,30,27,57,0.526,0.474,False,,False,False,Medium,2,True,59,215,Chinese,False
1477596,334596,Chipotle Mexican Grill $1.99 Delivery,Mexican,19.35,Weekend,Not given,25,22,47,0.532,0.468,False,,False,True,Medium,1,False,23,77,Mexican,False
1477258,83287,Blue Ribbon Sushi Izakaya,Japanese,29.1,Weekend,Not given,32,26,58,0.552,0.448,False,,False,True,High,9,True,29,470,Japanese,False
1477849,117033,P.J. Clarke's,American,29.2,Weekend,Not given,30,22,52,0.577,0.423,False,,False,True,High,1,False,15,584,American,False
1477328,342126,Parm,Italian,13.68,Weekend,4,33,21,54,0.611,0.389,True,4.0,True,True,Medium,1,False,68,298,Italian,False
1478022,94152,Empanada Mama (closed),Mexican,11.88,Weekend,5,23,27,50,0.46,0.54,True,5.0,True,True,Low,5,True,13,77,Mexican,False
1477284,40745,Parm,Italian,14.12,Weekend,3,28,22,50,0.56,0.44,True,3.0,False,True,Medium,2,True,68,298,Italian,False
1477717,155555,Sushi of Gari 46,Japanese,16.06,Weekend,Not given,31,24,55,0.564,0.436,False,,False,True,Medium,1,False,37,470,Japanese,False
1476926,349854,Cho Dang Gol,Korean,14.02,Weekend,Not given,25,20,45,0.556,0.444,False,,False,True,Medium,2,True,6,13,Other,False
1477331,384390,El Parador Cafe,Mexican,24.2,Weekend,Not given,28,18,46,0.609,0.391,False,,False,True,High,1,False,2,77,Mexican,True
1478284,139885,Blue Ribbon Fried Chicken,American,8.2,Weekend,5,34,17,51,0.667,0.333,True,5.0,True,True,Low,2,True,96,584,American,False
1477245,375585,TAO,Japanese,24.25,Weekend,Not given,31,27,58,0.534,0.466,False,,False,True,High,2,True,49,470,Japanese,False
1477006,119465,Cafe Mogador,Middle Eastern,25.27,Weekday,5,30,25,55,0.545,0.455,True,5.0,True,False,High,1,False,18,49,Middle Eastern,False
1477008,373750,Blue Ribbon Brooklyn,American,5.97,Weekday,4,32,24,56,0.571,0.429,True,4.0,True,False,Low,1,False,4,584,American,False
1477341,127122,RedFarm Broadway,Chinese,22.36,Weekend,Not given,24,27,51,0.471,0.529,False,,False,True,High,2,True,59,215,Chinese,False
1477967,101241,Empanada Mama (closed),Mexican,24.3,Weekday,Not given,25,24,49,0.51,0.49,False,,False,False,High,1,False,13,77,Mexican,False
1477208,365244,Bareburger,American,12.13,Weekend,5,32,26,58,0.552,0.448,True,5.0,True,True,Low,2,True,27,584,American,False
1478050,54189,Nobu Next Door,Japanese,19.4,Weekend,Not given,28,29,57,0.491,0.509,False,,False,True,High,1,False,42,470,Japanese,False
1476699,56722,The Meatball Shop,Italian,12.23,Weekend,5,35,22,57,0.614,0.386,True,5.0,True,True,Medium,3,True,132,298,Italian,False
1477451,125262,Rubirosa,Italian,8.54,Weekend,Not given,34,28,62,0.548,0.452,False,,False,True,Low,2,True,37,298,Italian,False
1477179,52832,L'Express,French,24.2,Weekday,Not given,28,24,52,0.538,0.462,False,,False,False,High,13,True,6,18,Other,False
1477313,395616,Parm,Italian,8.59,Weekday,5,32,33,65,0.492,0.508,True,5.0,True,False,Low,2,True,68,298,Italian,False
1477074,317904,Rubirosa,Italian,31.67,Weekend,Not given,25,15,40,0.625,0.375,False,,False,True,High,1,False,37,298,Italian,False
1478051,139639,Sushi of Gari 46,Japanese,24.3,Weekend,3,29,23,52,0.558,0.442,True,3.0,False,True,High,2,True,37,470,Japanese,False
1477071,78939,Nobu Next Door,Japanese,29.05,Weekend,5,33,29,62,0.532,0.468,True,5.0,True,True,High,5,True,42,470,Japanese,False
1478368,64153,Burger Joint,American,12.13,Weekday,5,31,33,64,0.484,0.516,True,5.0,True,False,Low,5,True,12,584,American,False
1476859,62667,Sarabeth's Restaurant,American,12.23,Weekend,4,26,24,50,0.52,0.48,True,4.0,True,True,Medium,4,True,7,584,American,False
1478393,80795,Tamarind TriBeCa,Indian,16.44,Weekend,5,23,24,47,0.489,0.511,True,5.0,True,True,Medium,2,True,27,73,Indian,False
1477345,339144,The Meatball Shop,Italian,5.05,Weekend,Not given,29,19,48,0.604,0.396,False,,False,True,Low,1,False,132,298,Italian,False
1476707,144133,Shake Shack,American,22.75,Weekday,4,21,27,48,0.438,0.562,True,4.0,True,False,High,1,False,219,584,American,False
1477064,134058,The Meatball Shop,Italian,16.98,Weekend,Not given,32,30,62,0.516,0.484,False,,False,True,Medium,2,True,132,298,Italian,False
1477543,59105,Sushi of Gari 46,Japanese,12.13,Weekend,5,27,20,47,0.574,0.426,True,5.0,True,True,Low,2,True,37,470,Japanese,False
1476680,44472,Blue Ribbon Sushi Izakaya,Japanese,12.08,Weekend,3,35,15,50,0.7,0.3,True,3.0,False,True,Low,1,False,29,470,Japanese,False
1476816,344079,Olea,Mediterranean,12.23,Weekend,4,29,24,53,0.547,0.453,True,4.0,True,True,Medium,2,True,3,46,Mediterranean,True
1477589,214028,Boqueria,Spanish,29.05,Weekend,4,24,24,48,0.5,0.5,True,4.0,True,True,High,2,True,9,12,Other,False
1477899,165485,Parm,Italian,8.68,Weekend,Not given,20,19,39,0.513,0.487,False,,False,True,Low,1,False,68,298,Italian,False
1478043,264707,The Meatball Shop,Italian,29.2,Weekend,5,29,23,52,0.558,0.442,True,5.0,True,True,High,4,True,132,298,Italian,False
1476665,41246,Shake Shack,American,24.2,Weekend,Not given,25,24,49,0.51,0.49,False,,False,True,High,2,True,219,584,American,False
1477298,361728,The Meatball Shop,Italian,29.05,Weekend,4,32,19,51,0.627,0.373,True,4.0,True,True,High,2,True,132,298,Italian,False
1476793,77339,Rubirosa,Italian,9.17,Weekend,4,27,25,52,0.519,0.481,True,4.0,True,True,Low,1,False,37,298,Italian,False
1477396,140998,Boqueria,Spanish,13.0,Weekend,5,26,24,50,0.52,0.48,True,5.0,True,True,Medium,1,False,9,12,Other,False
1477477,78560,The Meatball Shop,Italian,11.69,Weekend,4,35,16,51,0.686,0.314,True,4.0,True,True,Low,2,True,132,298,Italian,False
1476963,296805,Blue Ribbon Fried Chicken,American,13.0,Weekday,4,33,29,62,0.532,0.468,True,4.0,True,False,Medium,1,False,96,584,American,False
1477733,376499,Lucky Strike,American,29.25,Weekend,4,21,21,42,0.5,0.5,True,4.0,True,True,High,1,False,1,584,American,True
1477627,359699,RedFarm Hudson,Chinese,7.03,Weekday,5,32,24,56,0.571,0.429,True,5.0,True,False,Low,1,False,55,215,Chinese,False
1477718,42755,Blue Ribbon Sushi,Japanese,16.11,Weekend,5,22,26,48,0.458,0.542,True,5.0,True,True,Medium,4,True,119,470,Japanese,False
1477167,76907,Han Dynasty,Chinese,14.8,Weekday,4,23,25,48,0.479,0.521,True,4.0,True,False,Medium,2,True,46,215,Chinese,False
1477766,186473,Blue Ribbon Sushi,Japanese,19.45,Weekday,Not given,22,27,49,0.449,0.551,False,,False,False,High,5,True,119,470,Japanese,False
1477386,221394,The Meatball Shop,Italian,8.83,Weekday,Not given,31,25,56,0.554,0.446,False,,False,False,Low,2,True,132,298,Italian,False
1478176,240982,Rubirosa,Italian,29.1,Weekend,5,28,16,44,0.636,0.364,True,5.0,True,True,High,2,True,37,298,Italian,False
1476818,195927,Boqueria,Spanish,29.1,Weekend,Not given,28,19,47,0.596,0.404,False,,False,True,High,3,True,9,12,Other,False
1477435,154030,Hatsuhana,Japanese,29.49,Weekend,4,22,23,45,0.489,0.511,True,4.0,True,True,High,2,True,6,470,Japanese,False
1478086,81333,Shake Shack,American,9.07,Weekend,Not given,24,16,40,0.6,0.4,False,,False,True,Low,1,False,219,584,American,False
1477465,361220,Carmine's,Italian,21.93,Weekend,5,20,28,48,0.417,0.583,True,5.0,True,True,High,2,True,3,298,Italian,True
1477412,146489,Paul & Jimmy's,Italian,16.05,Weekend,Not given,33,15,48,0.688,0.312,False,,False,True,Medium,1,False,1,298,Italian,True
1476550,101347,The Loop,Japanese,16.98,Weekend,5,26,27,53,0.491,0.509,True,5.0,True,True,Medium,1,False,4,470,Japanese,False
1477361,115419,Shake Shack,American,12.13,Weekday,Not given,34,26,60,0.567,0.433,False,,False,False,Low,1,False,219,584,American,False
1477131,270525,The Smile,American,12.13,Weekend,4,29,24,53,0.547,0.453,True,4.0,True,True,Low,4,True,18,584,American,False
1477745,59017,TAO,Japanese,12.66,Weekday,Not given,29,29,58,0.5,0.5,False,,False,False,Medium,1,False,49,470,Japanese,False
1477683,279715,RedFarm Hudson,Chinese,21.34,Weekend,Not given,23,17,40,0.575,0.425,False,,False,True,High,1,False,55,215,Chinese,False
1476592,67844,The Smile,American,14.94,Weekend,Not given,27,22,49,0.551,0.449,False,,False,True,Medium,2,True,18,584,American,False
1477687,72757,Jack's Wife Freda,Mediterranean,12.13,Weekend,5,21,19,40,0.525,0.475,True,5.0,True,True,Low,2,True,25,46,Mediterranean,False
1476857,220186,Blue Ribbon Fried Chicken,American,12.23,Weekday,5,33,26,59,0.559,0.441,True,5.0,True,False,Medium,1,False,96,584,American,False
1478325,399373,Shake Shack,American,29.1,Weekday,4,29,24,53,0.547,0.453,True,4.0,True,False,High,1,False,219,584,American,False
1477744,58675,Pinto Nouveau Thai Bistro,Thai,17.08,Weekend,Not given,23,16,39,0.59,0.41,False,,False,True,Medium,3,True,4,19,Other,False
1478025,99312,Pylos,Mediterranean,14.02,Weekday,3,30,29,59,0.508,0.492,True,3.0,False,False,Medium,1,False,5,46,Mediterranean,False
1478171,316402,The Meatball Shop,American,14.5,Weekend,5,25,22,47,0.532,0.468,True,5.0,True,True,Medium,2,True,132,584,American,False
1477268,375585,TAO,Japanese,6.69,Weekend,5,22,28,50,0.44,0.56,True,5.0,True,True,Low,2,True,49,470,Japanese,False
1476780,319773,Vezzo Thin Crust Pizza,Italian,12.13,Weekend,5,34,26,60,0.567,0.433,True,5.0,True,True,Low,1,False,5,298,Italian,False
1476594,94480,TAO,Japanese,12.17,Weekend,5,22,16,38,0.579,0.421,True,5.0,True,True,Low,3,True,49,470,Japanese,False
1477830,61212,Tamarind TriBeCa,Indian,15.77,Weekend,5,25,29,54,0.463,0.537,True,5.0,True,True,Medium,1,False,27,73,Indian,False
1477725,105754,Momoya,Japanese,12.18,Weekend,4,26,25,51,0.51,0.49,True,4.0,True,True,Low,2,True,30,470,Japanese,False
1476922,66373,Balthazar Boulangerie,French,12.18,Weekend,3,24,29,53,0.453,0.547,True,3.0,False,True,Low,2,True,10,18,Other,False
1478266,297413,The Meatball Shop,Italian,16.1,Weekend,Not given,20,15,35,0.571,0.429,False,,False,True,Medium,1,False,132,298,Italian,False
1478377,399584,The Meatball Shop,Italian,6.4,Weekend,Not given,23,20,43,0.535,0.465,False,,False,True,Low,1,False,132,298,Italian,False
1476880,216258,Momoya,Japanese,9.41,Weekend,5,26,20,46,0.565,0.435,True,5.0,True,True,Low,1,False,30,470,Japanese,False
1476721,131645,The Meatball Shop,Italian,12.08,Weekend,Not given,23,23,46,0.5,0.5,False,,False,True,Low,2,True,132,298,Italian,False
1477793,318451,Blue Ribbon Sushi,Japanese,8.54,Weekday,4,22,26,48,0.458,0.542,True,4.0,True,False,Low,4,True,119,470,Japanese,False
1478322,57943,RedFarm Broadway,Chinese,24.25,Weekday,5,25,25,50,0.5,0.5,True,5.0,True,False,High,3,True,59,215,Chinese,False
1477065,43636,The Meatball Shop,American,7.28,Weekday,5,20,29,49,0.408,0.592,True,5.0,True,False,Low,2,True,132,584,American,False
1477670,235818,Shake Shack,American,6.01,Weekday,5,23,30,53,0.434,0.566,True,5.0,True,False,Low,3,True,219,584,American,False
1476674,318689,Olive Garden,Italian,16.1,Weekday,Not given,24,29,53,0.453,0.547,False,,False,False,Medium,2,True,2,298,Italian,True
1478212,57878,Dos Caminos,Mexican,11.59,Weekend,Not given,33,22,55,0.6,0.4,False,,False,True,Low,1,False,8,77,Mexican,False
1477632,76942,Sarabeth's Restaurant,American,29.15,Weekday,Not given,20,26,46,0.435,0.565,False,,False,False,High,3,True,7,584,American,False
1478083,91817,Lucky's Famous Burgers,American,5.77,Weekend,4,21,20,41,0.512,0.488,True,4.0,True,True,Low,5,True,6,584,American,False
1477484,143984,Blue Ribbon Fried Chicken,American,6.79,Weekend,3,28,27,55,0.509,0.491,True,3.0,False,True,Low,3,True,96,584,American,False
1477710,376578,Shake Shack,American,5.92,Weekday,5,34,24,58,0.586,0.414,True,5.0,True,False,Low,3,True,219,584,American,False
1477307,141732,Cho Dang Gol,Korean,5.77,Weekend,5,21,17,38,0.553,0.447,True,5.0,True,True,Low,4,True,6,13,Other,False
1478062,109107,Burger Joint,American,15.72,Weekend,4,31,30,61,0.508,0.492,True,4.0,True,True,Medium,1,False,12,584,American,False
1476865,297232,Empanada Mama (closed),Mexican,31.38,Weekend,5,24,18,42,0.571,0.429,True,5.0,True,True,High,1,False,13,77,Mexican,False
1476621,282699,RedFarm Hudson,Chinese,19.35,Weekend,Not given,30,24,54,0.556,0.444,False,,False,True,Medium,1,False,55,215,Chinese,False
1476957,54630,V-Nam Cafe,Vietnamese,12.08,Weekend,Not given,31,19,50,0.62,0.38,False,,False,True,Low,3,True,4,7,Other,False
1477611,130820,Nobu Next Door,Japanese,15.13,Weekday,Not given,21,30,51,0.412,0.588,False,,False,False,Medium,2,True,42,470,Japanese,False
1477775,142461,Shake Shack,American,29.25,Weekend,4,25,19,44,0.568,0.432,True,4.0,True,True,High,5,True,219,584,American,False
1478007,113238,Boqueria,Spanish,24.25,Weekend,Not given,28,18,46,0.609,0.391,False,,False,True,High,1,False,9,12,Other,False
1477629,198936,Five Leaves,American,12.13,Weekend,Not given,23,15,38,0.605,0.395,False,,False,True,Low,2,True,4,584,American,False
1476737,94766,Nobu Next Door,Japanese,12.23,Weekday,5,31,29,60,0.517,0.483,True,5.0,True,False,Medium,1,False,42,470,Japanese,False
1477868,27609,Blue Ribbon Sushi Bar & Grill,Japanese,15.81,Weekend,Not given,21,25,46,0.457,0.543,False,,False,True,Medium,3,True,44,470,Japanese,False
1478185,97079,Benihana,Japanese,5.77,Weekend,Not given,22,22,44,0.5,0.5,False,,False,True,Low,6,True,5,470,Japanese,False
1477567,175290,The Meatball Shop,Italian,9.17,Weekend,Not given,30,30,60,0.5,0.5,False,,False,True,Low,4,True,132,298,Italian,False
1478251,99621,Jack's Wife Freda,Mediterranean,12.47,Weekend,5,34,20,54,0.63,0.37,True,5.0,True,True,Medium,4,True,25,46,Mediterranean,False
1478079,54608,Tamarind TriBeCa,Indian,25.22,Weekend,5,30,26,56,0.536,0.464,True,5.0,True,True,High,2,True,27,73,Indian,False
1478144,155124,The Meatball Shop,Italian,33.03,Weekend,5,30,16,46,0.652,0.348,True,5.0,True,True,High,2,True,132,298,Italian,False
1476615,338599,RedFarm Hudson,Chinese,29.44,Weekday,4,29,32,61,0.475,0.525,True,4.0,True,False,High,3,True,55,215,Chinese,False
1478419,118776,Blue Ribbon Sushi Bar & Grill,Japanese,15.96,Weekend,5,31,20,51,0.608,0.392,True,5.0,True,True,Medium,2,True,44,470,Japanese,False
1476920,36118,RedFarm Broadway,Chinese,12.13,Weekend,4,20,19,39,0.513,0.487,True,4.0,True,True,Low,1,False,59,215,Chinese,False
1477786,145389,RedFarm Hudson,Chinese,4.75,Weekend,3,23,25,48,0.479,0.521,True,3.0,False,True,Low,2,True,55,215,Chinese,False
1476924,153048,Shake Shack,American,21.83,Weekend,Not given,28,23,51,0.549,0.451,False,,False,True,High,1,False,219,584,American,False
1476547,83095,Bareburger,American,6.84,Weekend,5,22,24,46,0.478,0.522,True,5.0,True,True,Low,1,False,27,584,American,False
1477561,183704,The Meatball Shop,Italian,6.74,Weekend,Not given,30,25,55,0.545,0.455,False,,False,True,Low,1,False,132,298,Italian,False
1477422,64401,The Meatball Shop,Italian,16.54,Weekday,5,32,24,56,0.571,0.429,True,5.0,True,False,Medium,2,True,132,298,Italian,False
1477436,88853,RedFarm Hudson,Chinese,29.29,Weekend,4,27,21,48,0.562,0.438,True,4.0,True,True,High,1,False,55,215,Chinese,False
1478353,369809,Momoya,Japanese,12.23,Weekday,3,32,24,56,0.571,0.429,True,3.0,False,False,Medium,2,True,30,470,Japanese,False
1477086,164529,Blue Ribbon Sushi,Japanese,17.08,Weekday,5,35,29,64,0.547,0.453,True,5.0,True,False,Medium,2,True,119,470,Japanese,False
1477688,101285,Blue Ribbon Sushi,Japanese,12.13,Weekend,4,35,28,63,0.556,0.444,True,4.0,True,True,Low,2,True,119,470,Japanese,False
1477011,309983,S'MAC,American,12.61,Weekday,Not given,34,24,58,0.586,0.414,False,,False,False,Medium,1,False,12,584,American,False
1477695,302131,Rubirosa,Italian,24.2,Weekend,Not given,33,28,61,0.541,0.459,False,,False,True,High,1,False,37,298,Italian,False
1476608,297674,Burger Joint,American,7.81,Weekend,3,33,24,57,0.579,0.421,True,3.0,False,True,Low,1,False,12,584,American,False
1478375,214028,Boqueria,Spanish,22.85,Weekend,5,28,30,58,0.483,0.517,True,5.0,True,True,High,2,True,9,12,Other,False
1476965,276192,Delicatessen,American,24.2,Weekend,4,21,19,40,0.525,0.475,True,4.0,True,True,High,7,True,5,584,American,False
1476757,115610,12 Chairs,Middle Eastern,14.12,Weekend,Not given,31,27,58,0.534,0.466,False,,False,True,Medium,3,True,4,49,Middle Eastern,False
1476611,300003,Grand Sichuan International,Chinese,12.23,Weekend,Not given,24,28,52,0.462,0.538,False,,False,True,Medium,3,True,4,215,Chinese,False
1477055,77544,Bareburger,American,14.12,Weekend,4,26,19,45,0.578,0.422,True,4.0,True,True,Medium,2,True,27,584,American,False
1477949,385023,Rubirosa,Italian,24.35,Weekend,3,30,28,58,0.517,0.483,True,3.0,False,True,High,1,False,37,298,Italian,False
1477406,154022,Blue Ribbon Sushi Bar & Grill,Japanese,16.74,Weekend,4,22,20,42,0.524,0.476,True,4.0,True,True,Medium,2,True,44,470,Japanese,False
1478118,101285,Blue Ribbon Sushi,Japanese,9.85,Weekend,3,24,15,39,0.615,0.385,True,3.0,False,True,Low,2,True,119,470,Japanese,False
1477352,100148,Sushi of Gari,Japanese,9.31,Weekend,5,31,22,53,0.585,0.415,True,5.0,True,True,Low,1,False,16,470,Japanese,False
1478276,352827,Shake Shack,American,17.03,Weekend,Not given,21,28,49,0.429,0.571,False,,False,True,Medium,1,False,219,584,American,False
1477837,93133,Nobu Next Door,Japanese,12.08,Weekend,Not given,21,19,40,0.525,0.475,False,,False,True,Low,3,True,42,470,Japanese,False
1476781,333449,Shake Shack,American,12.13,Weekday,Not given,22,25,47,0.468,0.532,False,,False,False,Low,1,False,219,584,American,False
1476879,259341,Blue Ribbon Fried Chicken,American,8.39,Weekend,4,26,17,43,0.605,0.395,True,4.0,True,True,Low,7,True,96,584,American,False
1477383,174796,Xi'an Famous Foods,Chinese,6.64,Weekend,Not given,35,19,54,0.648,0.352,False,,False,True,Low,1,False,9,215,Chinese,False
1477534,155124,The Meatball Shop,Italian,9.22,Weekend,Not given,30,19,49,0.612,0.388,False,,False,True,Low,2,True,132,298,Italian,False
1477111,127149,P.J. Clarke's,American,31.33,Weekend,4,26,19,45,0.578,0.422,True,4.0,True,True,High,5,True,15,584,American,False
1477818,144352,Shake Shack,American,22.36,Weekend,4,27,27,54,0.5,0.5,True,4.0,True,True,High,2,True,219,584,American,False
1477249,351561,The Kati Roll Company,Indian,20.13,Weekday,Not given,24,31,55,0.436,0.564,False,,False,False,High,1,False,16,73,Indian,False
1477095,196355,Shake Shack,American,13.1,Weekday,Not given,20,28,48,0.417,0.583,False,,False,False,Medium,2,True,219,584,American,False
1477379,145962,Joe's Shanghai,Chinese,22.31,Weekday,3,27,31,58,0.466,0.534,True,3.0,False,False,High,1,False,4,215,Chinese,False
1477128,354016,Waverly Diner,American,14.94,Weekend,Not given,28,28,56,0.5,0.5,False,,False,True,Medium,2,True,7,584,American,False
1478125,49104,Shake Shack,American,16.15,Weekday,4,20,26,46,0.435,0.565,True,4.0,True,False,Medium,1,False,219,584,American,False
1477707,133330,Blue Ribbon Fried Chicken,American,25.27,Weekend,5,29,28,57,0.509,0.491,True,5.0,True,True,High,1,False,96,584,American,False
1478191,390232,Friend of a Farmer,American,9.7,Weekend,Not given,35,22,57,0.614,0.386,False,,False,True,Low,1,False,3,584,American,True
1476614,138462,Chipotle Mexican Grill $1.99 Delivery,Mexican,29.1,Weekday,5,21,29,50,0.42,0.58,True,5.0,True,False,High,1,False,23,77,Mexican,False
1477105,67844,The Smile,American,9.17,Weekday,5,26,28,54,0.481,0.519,True,5.0,True,False,Low,2,True,18,584,American,False
1477124,270789,Vanessa's Dumplings,Chinese,9.51,Weekend,Not given,31,23,54,0.574,0.426,False,,False,True,Low,2,True,13,215,Chinese,False
1476980,117810,Momoya,Japanese,6.02,Weekend,5,28,20,48,0.583,0.417,True,5.0,True,True,Low,4,True,30,470,Japanese,False
1477162,42755,Blue Ribbon Fried Chicken,American,15.72,Weekend,4,25,19,44,0.568,0.432,True,4.0,True,True,Medium,4,True,96,584,American,False
1476754,229946,Balthazar Boulangerie,French,21.25,Weekend,Not given,25,20,45,0.556,0.444,False,,False,True,High,5,True,10,18,Other,False
1477260,229946,Chipotle Mexican Grill $1.99 Delivery,Mexican,29.1,Weekend,4,27,25,52,0.519,0.481,True,4.0,True,True,High,5,True,23,77,Mexican,False
1478297,180618,Bareburger,American,24.2,Weekend,5,27,24,51,0.529,0.471,True,5.0,True,True,High,1,False,27,584,American,False
1476792,346280,Saravanaa Bhavan,Indian,9.17,Weekday,Not given,24,29,53,0.453,0.547,False,,False,False,Low,1,False,5,73,Indian,False
1477554,72726,Shake Shack,American,11.69,Weekend,Not given,31,28,59,0.525,0.475,False,,False,True,Low,2,True,219,584,American,False
1477820,41746,Schnipper's Quality Kitchen,American,25.22,Weekend,4,33,18,51,0.647,0.353,True,4.0,True,True,High,1,False,3,584,American,True
1478291,385134,RedFarm Broadway,Chinese,31.87,Weekend,5,27,18,45,0.6,0.4,True,5.0,True,True,High,2,True,59,215,Chinese,False
1477628,83287,Blue Ribbon Sushi Izakaya,Japanese,9.22,Weekend,Not given,28,15,43,0.651,0.349,False,,False,True,Low,9,True,29,470,Japanese,False
1478038,45164,Shake Shack,American,12.18,Weekend,Not given,31,28,59,0.525,0.475,False,,False,True,Low,1,False,219,584,American,False
1478356,62540,Blue Ribbon Sushi,Japanese,16.44,Weekend,Not given,22,18,40,0.55,0.45,False,,False,True,Medium,2,True,119,470,Japanese,False
1477952,371117,Shake Shack,American,13.1,Weekend,4,30,29,59,0.508,0.492,True,4.0,True,True,Medium,2,True,219,584,American,False
1476992,85782,Vezzo Thin Crust Pizza,Italian,12.13,Weekend,Not given,27,15,42,0.643,0.357,False,,False,True,Low,1,False,5,298,Italian,False
1478040,47280,Sushi of Gari Tribeca,Japanese,12.13,Weekday,5,22,26,48,0.458,0.542,True,5.0,True,False,Low,5,True,24,470,Japanese,False
1477905,164626,The Meatball Shop,Italian,15.57,Weekend,4,20,24,44,0.455,0.545,True,4.0,True,True,Medium,1,False,132,298,Italian,False
1477658,80795,Tamarind TriBeCa,Indian,14.02,Weekday,Not given,20,25,45,0.444,0.556,False,,False,False,Medium,2,True,27,73,Indian,False
1477918,62912,Yama Japanese Restaurant,Japanese,24.25,Weekday,Not given,23,30,53,0.434,0.566,False,,False,False,High,1,False,18,470,Japanese,False
1477562,93113,The Odeon,American,6.69,Weekend,4,30,20,50,0.6,0.4,True,4.0,True,True,Low,1,False,3,584,American,True
1476847,114085,The Meatball Shop,Italian,24.3,Weekend,4,29,15,44,0.659,0.341,True,4.0,True,True,High,5,True,132,298,Italian,False
1477081,222734,Shake Shack,American,24.25,Weekday,Not given,23,30,53,0.434,0.566,False,,False,False,High,3,True,219,584,American,False
1476604,126798,Cafe Mogador,Middle Eastern,19.45,Weekday,4,23,29,52,0.442,0.558,True,4.0,True,False,High,1,False,18,49,Middle Eastern,False
1478016,154471,Yama Japanese Restaurant,Japanese,9.65,Weekend,5,24,16,40,0.6,0.4,True,5.0,True,True,Low,2,True,18,470,Japanese,False
1477087,206039,Shake Shack,American,12.66,Weekend,5,25,15,40,0.625,0.375,True,5.0,True,True,Medium,1,False,219,584,American,False
1476706,327651,Hunan Manor,Chinese,5.72,Weekday,5,31,26,57,0.544,0.456,True,5.0,True,False,Low,1,False,1,215,Chinese,True
1477906,66012,Sushi of Gari Tribeca,Japanese,19.02,Weekend,5,27,29,56,0.482,0.518,True,5.0,True,True,Medium,1,False,24,470,Japanese,False
1478381,111909,Ravagh Persian Grill,Middle Eastern,16.06,Weekend,Not given,28,21,49,0.571,0.429,False,,False,True,Medium,1,False,3,49,Middle Eastern,True
1478142,114085,Hatsuhana,Japanese,29.15,Weekend,3,33,28,61,0.541,0.459,True,3.0,False,True,High,5,True,6,470,Japanese,False
1477654,301032,Blue Ribbon Fried Chicken,American,12.13,Weekend,5,25,29,54,0.463,0.537,True,5.0,True,True,Low,5,True,96,584,American,False
1477965,384411,Shake Shack,American,19.45,Weekday,3,24,29,53,0.453,0.547,True,3.0,False,False,High,1,False,219,584,American,False
1476960,45577,Parm,Italian,21.83,Weekday,Not given,23,32,55,0.418,0.582,False,,False,False,High,1,False,68,298,Italian,False
1478134,82041,Sushi of Gari Tribeca,Japanese,21.83,Weekday,Not given,34,30,64,0.531,0.469,False,,False,False,High,7,True,24,470,Japanese,False
1477588,286386,5 Napkin Burger,American,29.05,Weekend,3,26,21,47,0.553,0.447,True,3.0,False,True,High,2,True,5,584,American,False
1477897,79507,The Meatball Shop,Italian,12.56,Weekday,Not given,31,32,63,0.492,0.508,False,,False,False,Medium,1,False,132,298,Italian,False
1477217,139639,Sushi of Gari 46,Japanese,29.15,Weekday,Not given,32,32,64,0.5,0.5,False,,False,False,High,2,True,37,470,Japanese,False
1476772,149984,Sushi of Gari,Japanese,12.13,Weekday,5,29,26,55,0.527,0.473,True,5.0,True,False,Low,4,True,16,470,Japanese,False
1478167,88078,RedFarm Hudson,Chinese,12.23,Weekday,Not given,20,25,45,0.444,0.556,False,,False,False,Medium,3,True,55,215,Chinese,False
1477101,81828,The Meatball Shop,American,14.55,Weekend,5,21,30,51,0.412,0.588,True,5.0,True,True,Medium,2,True,132,584,American,False
1477665,231061,Han Dynasty,Chinese,34.19,Weekday,Not given,21,31,52,0.404,0.596,False,,False,False,High,4,True,46,215,Chinese,False
1477103,342515,Five Guys Burgers and Fries,American,19.45,Weekend,5,22,23,45,0.489,0.511,True,5.0,True,True,High,1,False,29,584,American,False
1477880,114410,The Meatball Shop,Italian,14.6,Weekend,5,21,23,44,0.477,0.523,True,5.0,True,True,Medium,2,True,132,298,Italian,False
1477346,235620,Shake Shack,American,5.53,Weekday,4,28,26,54,0.519,0.481,True,4.0,True,False,Low,2,True,219,584,American,False
1477157,92006,Blue Ribbon Sushi Bar & Grill,Japanese,10.82,Weekend,Not given,25,24,49,0.51,0.49,False,,False,True,Low,1,False,44,470,Japanese,False
1477886,241310,Blue Ribbon Sushi,Japanese,32.93,Weekday,3,34,31,65,0.523,0.477,True,3.0,False,False,High,1,False,119,470,Japanese,False
1477442,184325,Asuka Sushi,Japanese,19.45,Weekend,5,23,23,46,0.5,0.5,True,5.0,True,True,High,4,True,3,470,Japanese,True
1477434,77857,Shake Shack,American,29.15,Weekend,5,20,21,41,0.488,0.512,True,5.0,True,True,High,2,True,219,584,American,False
1477303,92768,Sushi of Gari 46,Japanese,19.35,Weekday,Not given,28,24,52,0.538,0.462,False,,False,False,Medium,1,False,37,470,Japanese,False
1477423,80466,J. G. Melon,American,14.6,Weekend,5,32,24,56,0.571,0.429,True,5.0,True,True,Medium,1,False,15,584,American,False
1478424,304052,Parm,Italian,11.59,Weekday,5,35,29,64,0.547,0.453,True,5.0,True,False,Low,1,False,68,298,Italian,False
1476571,334758,Melt Shop,American,29.15,Weekend,4,26,17,43,0.605,0.395,True,4.0,True,True,High,3,True,11,584,American,False
1477034,259341,J. G. Melon,American,29.05,Weekend,Not given,26,28,54,0.481,0.519,False,,False,True,High,7,True,15,584,American,False
1477673,132906,Sushi of Gari 46,Japanese,22.46,Weekday,Not given,21,29,50,0.42,0.58,False,,False,False,High,3,True,37,470,Japanese,False
1478061,64151,Jack's Wife Freda,Mediterranean,16.01,Weekday,Not given,28,33,61,0.459,0.541,False,,False,False,Medium,4,True,25,46,Mediterranean,False
1476901,391860,Lucky's Famous Burgers,American,11.59,Weekend,5,26,23,49,0.531,0.469,True,5.0,True,True,Low,2,True,6,584,American,False
1478113,74048,ilili Restaurant,Middle Eastern,25.22,Weekday,4,32,25,57,0.561,0.439,True,4.0,True,False,High,2,True,18,49,Middle Eastern,False
1477986,115213,Junoon,Indian,22.75,Weekend,5,29,28,57,0.509,0.491,True,5.0,True,True,High,6,True,5,73,Indian,False
1477770,59742,J. G. Melon,American,7.33,Weekday,Not given,31,30,61,0.508,0.492,False,,False,False,Low,2,True,15,584,American,False
1478420,104355,Momoya,Japanese,15.81,Weekend,5,25,15,40,0.625,0.375,True,5.0,True,True,Medium,1,False,30,470,Japanese,False
1477252,96262,Cafe Habana,Mexican,8.1,Weekend,Not given,20,16,36,0.556,0.444,False,,False,True,Low,2,True,16,77,Mexican,False
1476883,354948,Westville Hudson,American,16.01,Weekend,5,20,18,38,0.526,0.474,True,5.0,True,True,Medium,2,True,15,584,American,False
1478442,378035,Five Guys Burgers and Fries,American,29.73,Weekend,5,21,25,46,0.457,0.543,True,5.0,True,True,High,2,True,29,584,American,False
1477898,68248,J. G. Melon,American,10.43,Weekday,5,35,29,64,0.547,0.453,True,5.0,True,False,Low,1,False,15,584,American,False
1477476,276192,Delicatessen,American,32.93,Weekend,4,30,18,48,0.625,0.375,True,4.0,True,True,High,7,True,5,584,American,False
1477520,178158,Chipotle Mexican Grill $1.99 Delivery,Mexican,31.33,Weekend,4,35,21,56,0.625,0.375,True,4.0,True,True,High,2,True,23,77,Mexican,False
1477652,99393,Parm,Italian,10.14,Weekday,Not given,24,28,52,0.462,0.538,False,,False,False,Low,1,False,68,298,Italian,False
1478205,65361,Coppola's East,Italian,13.05,Weekend,Not given,32,16,48,0.667,0.333,False,,False,True,Medium,1,False,1,298,Italian,True
1477751,385134,RedFarm Broadway,Chinese,16.2,Weekend,5,29,18,47,0.617,0.383,True,5.0,True,True,Medium,2,True,59,215,Chinese,False
1477021,231453,Mamoun's Falafel,Mediterranean,14.46,Weekend,Not given,20,29,49,0.408,0.592,False,,False,True,Medium,1,False,7,46,Mediterranean,False
1476959,65007,Serafina Fabulous Pizza,Italian,19.5,Weekday,5,22,33,55,0.4,0.6,True,5.0,True,False,High,1,False,5,298,Italian,False
1476687,61722,Blue Ribbon Sushi,Japanese,14.5,Weekend,Not given,28,28,56,0.5,0.5,False,,False,True,Medium,1,False,119,470,Japanese,False
1477798,378035,Five Guys Burgers and Fries,American,13.0,Weekend,4,29,27,56,0.518,0.482,True,4.0,True,True,Medium,2,True,29,584,American,False
1476938,164776,TAO,Japanese,25.27,Weekday,Not given,33,30,63,0.524,0.476,False,,False,False,High,2,True,49,470,Japanese,False
1477022,61588,Blue Ribbon Sushi,Japanese,12.08,Weekend,4,33,22,55,0.6,0.4,True,4.0,True,True,Low,2,True,119,470,Japanese,False
1477077,40808,Shake Shack,American,12.18,Weekend,4,27,23,50,0.54,0.46,True,4.0,True,True,Low,2,True,219,584,American,False
1478361,371117,Shake Shack,American,29.1,Weekend,5,26,24,50,0.52,0.48,True,5.0,True,True,High,2,True,219,584,American,False
1477407,123535,RedFarm Hudson,Chinese,12.61,Weekend,5,31,22,53,0.585,0.415,True,5.0,True,True,Medium,1,False,55,215,Chinese,False
1477207,58088,Sushi of Gari 46,Japanese,12.18,Weekday,Not given,24,26,50,0.48,0.52,False,,False,False,Low,2,True,37,470,Japanese,False
1477122,97806,Shake Shack,American,8.63,Weekend,Not given,33,19,52,0.635,0.365,False,,False,True,Low,5,True,219,584,American,False
1477199,154471,Yama Japanese Restaurant,Japanese,9.02,Weekday,3,25,33,58,0.431,0.569,True,3.0,False,False,Low,2,True,18,470,Japanese,False
1478060,97346,Osteria Morini,Italian,9.51,Weekend,Not given,22,26,48,0.458,0.542,False,,False,True,Low,4,True,14,298,Italian,False
1478074,41638,Blue Ribbon Fried Chicken,American,29.05,Weekend,5,30,29,59,0.508,0.492,True,5.0,True,True,High,2,True,96,584,American,False
1477614,255697,Sushi Samba,Japanese,14.02,Weekend,Not given,30,29,59,0.508,0.492,False,,False,True,Medium,2,True,11,470,Japanese,False
1477181,302790,Carmine's,Italian,29.05,Weekday,Not given,33,32,65,0.508,0.492,False,,False,False,High,3,True,3,298,Italian,True
1477454,210544,Despaña,Spanish,16.06,Weekend,5,21,17,38,0.553,0.447,True,5.0,True,True,Medium,2,True,2,12,Other,True
1476870,94524,The Meatball Shop,Italian,24.3,Weekend,5,28,25,53,0.528,0.472,True,5.0,True,True,High,2,True,132,298,Italian,False
1477759,68551,Blue Ribbon Sushi Bar & Grill,Japanese,12.13,Weekend,Not given,21,29,50,0.42,0.58,False,,False,True,Low,3,True,44,470,Japanese,False
1477606,39406,RedFarm Broadway,Chinese,9.27,Weekday,4,32,29,61,0.525,0.475,True,4.0,True,False,Low,1,False,59,215,Chinese,False
1478302,318665,Blue Ribbon Sushi Bar & Grill,Japanese,4.9,Weekday,4,29,32,61,0.475,0.525,True,4.0,True,False,Low,1,False,44,470,Japanese,False
1476574,376993,Emporio,Italian,31.43,Weekend,Not given,25,29,54,0.463,0.537,False,,False,True,High,1,False,1,298,Italian,True
1478306,358158,Parm,Italian,9.12,Weekend,Not given,23,21,44,0.523,0.477,False,,False,True,Low,2,True,68,298,Italian,False
1476565,41991,Blue Ribbon Sushi Bar & Grill,Japanese,15.33,Weekend,5,32,29,61,0.525,0.475,True,5.0,True,True,Medium,2,True,44,470,Japanese,False
1478200,164016,Blue Ribbon Fried Chicken,American,12.13,Weekend,5,28,23,51,0.549,0.451,True,5.0,True,True,Low,3,True,96,584,American,False
1478264,70564,Jack's Wife Freda,Mediterranean,16.15,Weekday,5,22,24,46,0.478,0.522,True,5.0,True,False,Medium,3,True,25,46,Mediterranean,False
1477228,52574,Jack's Wife Freda,Mediterranean,6.74,Weekend,Not given,25,22,47,0.532,0.468,False,,False,True,Low,2,True,25,46,Mediterranean,False
1478057,75548,Parm,Italian,7.38,Weekend,Not given,26,20,46,0.565,0.435,False,,False,True,Low,2,True,68,298,Italian,False
1478256,147468,Tamarind TriBeCa,Indian,6.69,Weekend,5,22,18,40,0.55,0.45,True,5.0,True,True,Low,3,True,27,73,Indian,False
1478259,68446,Hill Country Fried Chicken,Southern,12.47,Weekend,Not given,29,28,57,0.509,0.491,False,,False,True,Medium,1,False,14,17,Other,False
1477483,142681,Osteria Morini,Italian,6.79,Weekday,4,32,29,61,0.525,0.475,True,4.0,True,False,Low,2,True,14,298,Italian,False
1477257,400950,Sushi of Gari 46,Japanese,12.13,Weekday,5,34,28,62,0.548,0.452,True,5.0,True,False,Low,1,False,37,470,Japanese,False
1477056,298824,Shake Shack,American,12.18,Weekend,Not given,23,18,41,0.561,0.439,False,,False,True,Low,3,True,219,584,American,False
1477402,377481,Otto Enoteca Pizzeria,Italian,24.25,Weekday,Not given,31,30,61,0.508,0.492,False,,False,False,High,1,False,12,298,Italian,False
1476760,180776,Empanada Mama (closed),Mexican,22.75,Weekend,Not given,29,18,47,0.617,0.383,False,,False,True,High,1,False,13,77,Mexican,False
1477030,240982,Rubirosa,Italian,24.3,Weekday,3,29,31,60,0.483,0.517,True,3.0,False,False,High,2,True,37,298,Italian,False
1476850,85091,The Meatball Shop,Italian,13.05,Weekday,5,23,31,54,0.426,0.574,True,5.0,True,False,Medium,3,True,132,298,Italian,False
1477356,354923,Café China,Chinese,15.57,Weekday,4,34,31,65,0.523,0.477,True,4.0,True,False,Medium,1,False,6,215,Chinese,False
1477990,59673,Rubirosa,Italian,12.95,Weekend,4,30,25,55,0.545,0.455,True,4.0,True,True,Medium,3,True,37,298,Italian,False
1477448,142574,Sushi of Gari,Japanese,22.75,Weekend,5,30,22,52,0.577,0.423,True,5.0,True,True,High,2,True,16,470,Japanese,False
1477784,146555,Momoya,Japanese,24.3,Weekend,5,28,20,48,0.583,0.417,True,5.0,True,True,High,1,False,30,470,Japanese,False
1478425,373152,Parm,Italian,14.02,Weekday,Not given,28,32,60,0.467,0.533,False,,False,False,Medium,3,True,68,298,Italian,False
1477031,201471,Friend of a Farmer,American,24.2,Weekend,Not given,33,27,60,0.55,0.45,False,,False,True,High,2,True,3,584,American,True
1477969,69516,Wa Jeal,Chinese,6.74,Weekend,Not given,32,24,56,0.571,0.429,False,,False,True,Low,1,False,1,215,Chinese,True
1476595,385150,Blue Ribbon Sushi,Japanese,14.02,Weekend,Not given,35,16,51,0.686,0.314,False,,False,True,Medium,4,True,119,470,Japanese,False
1478070,129206,RedFarm Broadway,Chinese,14.07,Weekend,3,20,15,35,0.571,0.429,True,3.0,False,True,Medium,2,True,59,215,Chinese,False
1477501,151191,RedFarm Hudson,Chinese,12.18,Weekend,5,34,24,58,0.586,0.414,True,5.0,True,True,Low,2,True,55,215,Chinese,False
1476727,49086,Jack's Wife Freda,Mediterranean,12.95,Weekday,3,22,33,55,0.4,0.6,True,3.0,False,False,Medium,2,True,25,46,Mediterranean,False
1477016,78067,Parm,Italian,15.37,Weekend,Not given,29,23,52,0.558,0.442,False,,False,True,Medium,1,False,68,298,Italian,False
1477511,261665,RedFarm Broadway,Chinese,7.67,Weekend,5,24,15,39,0.615,0.385,True,5.0,True,True,Low,2,True,59,215,Chinese,False
1477067,370656,Vanessa's Dumplings,Chinese,8.3,Weekend,Not given,24,20,44,0.545,0.455,False,,False,True,Low,2,True,13,215,Chinese,False
1477068,108046,Rubirosa,Italian,12.18,Weekend,Not given,33,20,53,0.623,0.377,False,,False,True,Low,1,False,37,298,Italian,False
1477551,277898,Blue Ribbon Fried Chicken,American,29.44,Weekend,4,33,27,60,0.55,0.45,True,4.0,True,True,High,4,True,96,584,American,False
1478415,105665,Blue Ribbon Sushi Bar & Grill,Japanese,12.56,Weekday,Not given,32,27,59,0.542,0.458,False,,False,False,Medium,1,False,44,470,Japanese,False
1478129,52256,Han Dynasty,Chinese,12.18,Weekend,Not given,30,15,45,0.667,0.333,False,,False,True,Low,3,True,46,215,Chinese,False
1477096,158578,Xi'an Famous Foods,Chinese,14.12,Weekday,3,24,31,55,0.436,0.564,True,3.0,False,False,Medium,1,False,9,215,Chinese,False
1477891,142461,Shake Shack,American,25.22,Weekend,Not given,28,26,54,0.519,0.481,False,,False,True,High,5,True,219,584,American,False
1477881,63361,Cafeteria,American,13.05,Weekend,Not given,31,16,47,0.66,0.34,False,,False,True,Medium,1,False,9,584,American,False
1478197,41205,Shake Shack,American,12.08,Weekend,5,28,23,51,0.549,0.451,True,5.0,True,True,Low,1,False,219,584,American,False
1477082,107909,ilili Restaurant,Middle Eastern,24.2,Weekday,4,34,24,58,0.586,0.414,True,4.0,True,False,High,6,True,18,49,Middle Eastern,False
1477781,183520,Tamarind TriBeCa,Indian,12.47,Weekend,5,32,26,58,0.552,0.448,True,5.0,True,True,Medium,5,True,27,73,Indian,False
1476570,148459,The Kati Roll Company,Indian,5.87,Weekday,Not given,26,30,56,0.464,0.536,False,,False,False,Low,1,False,16,73,Indian,False
1476677,302790,Le Zie 2000 Trattoria,Italian,15.47,Weekend,Not given,22,30,52,0.423,0.577,False,,False,True,Medium,3,True,1,298,Italian,True
1478397,121706,Blue Ribbon Fried Chicken,American,24.3,Weekend,5,22,15,37,0.595,0.405,True,5.0,True,True,High,3,True,96,584,American,False
1477608,125123,Le Grainne Cafe,French,15.96,Weekend,4,25,22,47,0.532,0.468,True,4.0,True,True,Medium,5,True,2,18,Other,True
1478241,60052,RedFarm Broadway,Chinese,24.2,Weekend,5,31,19,50,0.62,0.38,True,5.0,True,True,High,6,True,59,215,Chinese,False
1477216,259341,Momoya,Japanese,29.35,Weekday,Not given,31,30,61,0.508,0.492,False,,False,False,High,7,True,30,470,Japanese,False
1478379,142753,Shake Shack,American,8.63,Weekday,Not given,31,32,63,0.492,0.508,False,,False,False,Low,1,False,219,584,American,False
1478237,81110,Han Dynasty,Chinese,16.44,Weekday,Not given,23,29,52,0.442,0.558,False,,False,False,Medium,5,True,46,215,Chinese,False
1477732,399729,Shake Shack,American,24.25,Weekend,4,20,29,49,0.408,0.592,True,4.0,True,True,High,2,True,219,584,American,False
1476842,103970,RedFarm Broadway,Chinese,14.12,Weekend,Not given,35,23,58,0.603,0.397,False,,False,True,Medium,2,True,59,215,Chinese,False
1476984,286386,5 Napkin Burger,American,7.91,Weekday,Not given,29,26,55,0.527,0.473,False,,False,False,Low,2,True,5,584,American,False
1476783,96254,Han Dynasty,Chinese,19.4,Weekend,Not given,35,26,61,0.574,0.426,False,,False,True,High,2,True,46,215,Chinese,False
1476989,64401,The Meatball Shop,Italian,21.34,Weekday,5,22,24,46,0.478,0.522,True,5.0,True,False,High,2,True,132,298,Italian,False
1477213,53156,The Meatball Shop,Italian,13.19,Weekend,Not given,26,29,55,0.473,0.527,False,,False,True,Medium,1,False,132,298,Italian,False
1477607,386995,Han Dynasty,Chinese,9.75,Weekend,Not given,29,25,54,0.537,0.463,False,,False,True,Low,1,False,46,215,Chinese,False
1477863,128216,Shake Shack,American,8.2,Weekday,4,33,26,59,0.559,0.441,True,4.0,True,False,Low,2,True,219,584,American,False
1478360,375043,Tamarind TriBeCa,Indian,24.2,Weekend,Not given,24,29,53,0.453,0.547,False,,False,True,High,1,False,27,73,Indian,False
1477134,361654,The Meatball Shop,Italian,13.53,Weekend,5,22,24,46,0.478,0.522,True,5.0,True,True,Medium,1,False,132,298,Italian,False
1478390,38612,Vanessa's Dumplings,Chinese,12.13,Weekday,Not given,31,33,64,0.484,0.516,False,,False,False,Low,2,True,13,215,Chinese,False
1476794,73274,S'MAC,American,9.56,Weekend,Not given,27,20,47,0.574,0.426,False,,False,True,Low,1,False,12,584,American,False
1478116,378482,Five Guys Burgers and Fries,American,5.72,Weekday,Not given,22,24,46,0.478,0.522,False,,False,False,Low,4,True,29,584,American,False
1478344,55334,Sushi of Gari Tribeca,Japanese,9.46,Weekend,5,32,20,52,0.615,0.385,True,5.0,True,True,Low,3,True,24,470,Japanese,False
1477796,40745,Parm,Italian,15.91,Weekday,Not given,32,28,60,0.533,0.467,False,,False,False,Medium,2,True,68,298,Italian,False
1478243,159626,Blue Ribbon Sushi,Japanese,29.1,Weekend,4,21,15,36,0.583,0.417,True,4.0,True,True,High,1,False,119,470,Japanese,False
1477069,377260,Blue Ribbon Fried Chicken,American,12.18,Weekend,5,35,27,62,0.565,0.435,True,5.0,True,True,Low,2,True,96,584,American,False
1476953,252342,Westville Hudson,American,20.13,Weekend,4,29,19,48,0.604,0.396,True,4.0,True,True,High,2,True,15,584,American,False
1477700,60039,Blue Ribbon Sushi,Japanese,33.37,Weekday,3,30,27,57,0.526,0.474,True,3.0,False,False,High,4,True,119,470,Japanese,False
1478106,129206,Shake Shack,American,29.15,Weekday,Not given,34,28,62,0.548,0.452,False,,False,False,High,2,True,219,584,American,False
1477625,106860,Sushi of Gari Tribeca,Japanese,17.03,Weekday,Not given,35,30,65,0.538,0.462,False,,False,False,Medium,1,False,24,470,Japanese,False
1478213,122092,Han Dynasty,Chinese,22.31,Weekend,3,23,29,52,0.442,0.558,True,3.0,False,True,High,1,False,46,215,Chinese,False
1476779,378820,Sushi Samba,Japanese,31.33,Weekend,5,35,20,55,0.636,0.364,True,5.0,True,True,High,2,True,11,470,Japanese,False
1478207,62161,Tamarind TriBeCa,Indian,24.2,Weekend,4,28,26,54,0.519,0.481,True,4.0,True,True,High,2,True,27,73,Indian,False
1477075,52832,ilili Restaurant,Middle Eastern,31.43,Weekday,3,26,29,55,0.473,0.527,True,3.0,False,False,High,13,True,18,49,Middle Eastern,False
1477145,207281,Shake Shack,American,29.3,Weekday,5,33,32,65,0.508,0.492,True,5.0,True,False,High,2,True,219,584,American,False
1478153,300208,Xi'an Famous Foods,Chinese,6.02,Weekend,5,33,24,57,0.579,0.421,True,5.0,True,True,Low,1,False,9,215,Chinese,False
1477689,203442,Terakawa Ramen,Japanese,19.6,Weekday,Not given,23,26,49,0.469,0.531,False,,False,False,High,1,False,3,470,Japanese,True
1477742,338599,Blue Ribbon Fried Chicken,American,6.84,Weekend,3,24,26,50,0.48,0.52,True,3.0,False,True,Low,3,True,96,584,American,False
1477391,60835,RedFarm Hudson,Chinese,16.49,Weekend,3,34,20,54,0.63,0.37,True,3.0,False,True,Medium,3,True,55,215,Chinese,False
1476993,301825,RedFarm Broadway,Chinese,12.23,Weekend,Not given,32,19,51,0.627,0.373,False,,False,True,Medium,1,False,59,215,Chinese,False
1476705,260680,Cafe Mogador,Middle Eastern,5.77,Weekend,3,20,16,36,0.556,0.444,True,3.0,False,True,Low,3,True,18,49,Middle Eastern,False
1477694,192317,Shake Shack,American,24.3,Weekend,4,25,15,40,0.625,0.375,True,4.0,True,True,High,1,False,219,584,American,False
1477933,284256,Empanada Mama (closed),Mexican,12.37,Weekend,Not given,29,25,54,0.537,0.463,False,,False,True,Medium,2,True,13,77,Mexican,False
1477062,396432,Blue Ribbon Sushi,Japanese,19.4,Weekend,5,26,17,43,0.605,0.395,True,5.0,True,True,High,2,True,119,470,Japanese,False
1477771,232035,ilili Restaurant,Middle Eastern,12.23,Weekday,5,24,32,56,0.429,0.571,True,5.0,True,False,Medium,5,True,18,49,Middle Eastern,False
1477144,62667,Balthazar Boulangerie,French,29.1,Weekend,5,31,27,58,0.534,0.466,True,5.0,True,True,High,4,True,10,18,Other,False
1477149,102710,Rye House,American,12.13,Weekday,4,26,30,56,0.464,0.536,True,4.0,True,False,Low,1,False,1,584,American,True
1478182,135970,Momoya,Japanese,25.27,Weekday,5,31,30,61,0.508,0.492,True,5.0,True,False,High,1,False,30,470,Japanese,False
1478405,58675,Shake Shack,American,11.59,Weekday,3,23,25,48,0.479,0.521,True,3.0,False,False,Low,3,True,219,584,American,False
1478094,102010,TAO,Japanese,13.48,Weekday,Not given,27,32,59,0.458,0.542,False,,False,False,Medium,1,False,49,470,Japanese,False
1477857,363202,S'MAC,American,25.27,Weekend,5,20,29,49,0.408,0.592,True,5.0,True,True,High,1,False,12,584,American,False
1476840,143866,Jack's Wife Freda,Mediterranean,20.71,Weekend,Not given,35,16,51,0.686,0.314,False,,False,True,High,2,True,25,46,Mediterranean,False
1477641,128224,Blue Ribbon Sushi,Japanese,24.2,Weekend,4,29,18,47,0.617,0.383,True,4.0,True,True,High,3,True,119,470,Japanese,False
1476690,124875,Vanessa's Dumplings,Chinese,24.2,Weekend,4,20,18,38,0.526,0.474,True,4.0,True,True,High,2,True,13,215,Chinese,False
1476593,175703,The Meatball Shop,Italian,20.61,Weekend,Not given,34,30,64,0.531,0.469,False,,False,True,High,2,True,132,298,Italian,False
1477343,101957,Hiroko's Place,Japanese,13.05,Weekend,Not given,32,27,59,0.542,0.458,False,,False,True,Medium,1,False,1,470,Japanese,True
1476881,57263,Nobu Next Door,Japanese,15.76,Weekday,Not given,27,28,55,0.491,0.509,False,,False,False,Medium,2,True,42,470,Japanese,False
1476913,145216,Grand Sichuan International,Chinese,7.66,Weekday,5,33,31,64,0.516,0.484,True,5.0,True,False,Low,1,False,4,215,Chinese,False
1478119,276192,Sushi of Gari Tribeca,Japanese,10.86,Weekday,4,28,28,56,0.5,0.5,True,4.0,True,False,Low,7,True,24,470,Japanese,False
1476976,300552,Shake Shack,American,22.26,Weekday,5,33,32,65,0.508,0.492,True,5.0,True,False,High,1,False,219,584,American,False
1476575,141912,P.J. Clarke's,American,31.38,Weekend,Not given,31,23,54,0.574,0.426,False,,False,True,High,2,True,15,584,American,False
1478105,143721,Hummus Place,Middle Eastern,29.05,Weekend,5,26,17,43,0.605,0.395,True,5.0,True,True,High,2,True,3,49,Middle Eastern,True
1476945,49034,The Smile,American,7.81,Weekend,5,24,21,45,0.533,0.467,True,5.0,True,True,Low,2,True,18,584,American,False
1476853,139626,L'Express,French,16.98,Weekday,Not given,35,29,64,0.547,0.453,False,,False,False,Medium,1,False,6,18,Other,False
1477259,145952,Blue Ribbon Sushi,Japanese,29.15,Weekend,4,31,19,50,0.62,0.38,True,4.0,True,True,High,2,True,119,470,Japanese,False
1477141,66331,Shake Shack,American,24.3,Weekend,5,21,24,45,0.467,0.533,True,5.0,True,True,High,1,False,219,584,American,False
1477556,168420,Blue Ribbon Brooklyn,American,13.1,Weekend,Not given,32,19,51,0.627,0.373,False,,False,True,Medium,1,False,4,584,American,False
1478254,239985,5 Napkin Burger,American,25.22,Weekend,5,27,21,48,0.562,0.438,True,5.0,True,True,High,1,False,5,584,American,False
1478365,60039,ilili Restaurant,Middle Eastern,32.93,Weekend,4,25,17,42,0.595,0.405,True,4.0,True,True,High,4,True,18,49,Middle Eastern,False
1477380,108659,Rubirosa,Italian,25.27,Weekday,4,23,31,54,0.426,0.574,True,4.0,True,False,High,3,True,37,298,Italian,False
1477548,79255,The Meatball Shop,Italian,12.95,Weekday,4,29,24,53,0.547,0.453,True,4.0,True,False,Medium,2,True,132,298,Italian,False
1478444,355090,Shake Shack,American,31.43,Weekend,3,22,24,46,0.478,0.522,True,3.0,False,True,High,3,True,219,584,American,False
1477716,317515,Cafe Habana,Mexican,15.62,Weekend,Not given,29,19,48,0.604,0.396,False,,False,True,Medium,1,False,16,77,Mexican,False
1476668,114476,Zero Otto Nove,Italian,5.87,Weekend,Not given,31,18,49,0.633,0.367,False,,False,True,Low,1,False,2,298,Italian,True
1477106,103852,J. G. Melon,American,8.83,Weekend,5,31,19,50,0.62,0.38,True,5.0,True,True,Low,3,True,15,584,American,False
1477526,344079,Olea,Mediterranean,24.2,Weekend,Not given,20,16,36,0.556,0.444,False,,False,True,High,2,True,3,46,Mediterranean,True
1477664,47440,Blue Ribbon Fried Chicken,American,29.3,Weekend,4,28,16,44,0.636,0.364,True,4.0,True,True,High,10,True,96,584,American,False
1477917,71249,Momoya,Japanese,24.3,Weekend,4,35,30,65,0.538,0.462,True,4.0,True,True,High,1,False,30,470,Japanese,False
1477381,316223,The Smile,American,25.22,Weekday,4,25,28,53,0.472,0.528,True,4.0,True,False,High,1,False,18,584,American,False
1476745,377771,Blue Ribbon Fried Chicken,American,12.61,Weekend,3,30,30,60,0.5,0.5,True,3.0,False,True,Medium,1,False,96,584,American,False
1477885,178158,Chipotle Mexican Grill $1.99 Delivery,Mexican,29.1,Weekday,4,22,32,54,0.407,0.593,True,4.0,True,False,High,2,True,23,77,Mexican,False
1476724,130956,Blue Ribbon Sushi,Japanese,21.83,Weekday,3,21,26,47,0.447,0.553,True,3.0,False,False,High,2,True,119,470,Japanese,False
1477387,141732,Blue Ribbon Fried Chicken,American,9.27,Weekend,Not given,29,16,45,0.644,0.356,False,,False,True,Low,4,True,96,584,American,False
1476750,94152,Empanada Mama (closed),Mexican,15.37,Weekend,3,35,30,65,0.538,0.462,True,3.0,False,True,Medium,5,True,13,77,Mexican,False
1478285,113817,Blue Ribbon Fried Chicken,American,12.18,Weekend,4,32,22,54,0.593,0.407,True,4.0,True,True,Low,1,False,96,584,American,False
1477910,39702,Frank Restaurant,Italian,12.08,Weekday,4,20,31,51,0.392,0.608,True,4.0,True,False,Low,1,False,1,298,Italian,True
1478364,273690,Grand Sichuan International,Chinese,32.93,Weekend,Not given,32,28,60,0.533,0.467,False,,False,True,High,1,False,4,215,Chinese,False
1477480,75722,Yama 49,Japanese,22.31,Weekend,5,29,17,46,0.63,0.37,True,5.0,True,True,High,2,True,5,470,Japanese,False
1477050,337230,Shake Shack,American,15.18,Weekday,Not given,34,30,64,0.531,0.469,False,,False,False,Medium,1,False,219,584,American,False
1478090,62359,Blue Ribbon Sushi Izakaya,Japanese,16.01,Weekday,5,23,27,50,0.46,0.54,True,5.0,True,False,Medium,5,True,29,470,Japanese,False
1477633,378753,Shake Shack,American,29.1,Weekend,5,29,17,46,0.63,0.37,True,5.0,True,True,High,1,False,219,584,American,False
1478095,183520,Blue Ribbon Sushi,Japanese,12.18,Weekend,4,30,17,47,0.638,0.362,True,4.0,True,True,Low,5,True,119,470,Japanese,False
1478096,146211,Yama Japanese Restaurant,Japanese,12.08,Weekday,Not given,25,33,58,0.431,0.569,False,,False,False,Low,1,False,18,470,Japanese,False
1478166,177250,RedFarm Hudson,Chinese,12.13,Weekend,Not given,31,27,58,0.534,0.466,False,,False,True,Low,3,True,55,215,Chinese,False
1478013,283884,Westville Hudson,American,12.56,Weekend,5,26,28,54,0.481,0.519,True,5.0,True,True,Medium,1,False,15,584,American,False
1478369,243341,Sushi Samba,Japanese,22.36,Weekend,5,31,30,61,0.508,0.492,True,5.0,True,True,High,1,False,11,470,Japanese,False
1476970,275689,Nobu Next Door,Japanese,33.37,Weekend,4,32,21,53,0.604,0.396,True,4.0,True,True,High,6,True,42,470,Japanese,False
1476612,115610,Delicatessen,American,12.18,Weekend,Not given,24,17,41,0.585,0.415,False,,False,True,Low,3,True,5,584,American,False
1478234,102620,Balthazar Boulangerie,French,12.23,Weekend,4,35,23,58,0.603,0.397,True,4.0,True,True,Medium,1,False,10,18,Other,False
1477114,47594,Dos Caminos,Mexican,12.18,Weekday,5,24,30,54,0.444,0.556,True,5.0,True,False,Low,2,True,8,77,Mexican,False
1477644,82041,Osteria Morini,Italian,5.77,Weekend,3,24,19,43,0.558,0.442,True,3.0,False,True,Low,7,True,14,298,Italian,False
1476634,82092,Sushi of Gari 46,Japanese,16.3,Weekend,Not given,21,29,50,0.42,0.58,False,,False,True,Medium,1,False,37,470,Japanese,False
1477186,291891,The Kati Roll Company,Indian,11.64,Weekend,4,34,18,52,0.654,0.346,True,4.0,True,True,Low,2,True,16,73,Indian,False
1477939,41040,The Meatball Shop,Italian,15.91,Weekend,Not given,26,20,46,0.565,0.435,False,,False,True,Medium,1,False,132,298,Italian,False
1477610,35643,Vanessa's Dumpling House,Chinese,16.49,Weekend,5,26,25,51,0.51,0.49,True,5.0,True,True,Medium,3,True,9,215,Chinese,False
1476843,361846,Sarabeth's West,American,14.12,Weekday,3,21,33,54,0.389,0.611,True,3.0,False,False,Medium,2,True,1,584,American,True
1476983,55689,Rubirosa,Italian,7.95,Weekday,Not given,20,26,46,0.435,0.565,False,,False,False,Low,1,False,37,298,Italian,False
1478418,95049,Nobu Next Door,Japanese,9.7,Weekend,Not given,21,19,40,0.525,0.475,False,,False,True,Low,2,True,42,470,Japanese,False
1477941,64830,Cafeteria,American,15.52,Weekend,3,28,30,58,0.483,0.517,True,3.0,False,True,Medium,2,True,9,584,American,False
1478123,149268,Han Dynasty,Chinese,16.2,Weekend,Not given,29,18,47,0.617,0.383,False,,False,True,Medium,1,False,46,215,Chinese,False
1477966,318451,Blue Ribbon Sushi,Japanese,24.3,Weekend,Not given,29,15,44,0.659,0.341,False,,False,True,High,4,True,119,470,Japanese,False
1478154,383688,Café China,Chinese,12.61,Weekend,5,20,20,40,0.5,0.5,True,5.0,True,True,Medium,1,False,6,215,Chinese,False
1477855,5139,Sushi of Gari 46,Japanese,22.26,Weekend,5,28,22,50,0.56,0.44,True,5.0,True,True,High,1,False,37,470,Japanese,False
1478261,106940,Parm,Italian,9.07,Weekday,4,23,30,53,0.434,0.566,True,4.0,True,False,Low,2,True,68,298,Italian,False
1477121,274232,Nobu Next Door,Japanese,7.86,Weekday,5,20,27,47,0.426,0.574,True,5.0,True,False,Low,1,False,42,470,Japanese,False
1477927,351329,Parm,Italian,12.23,Weekday,Not given,27,26,53,0.509,0.491,False,,False,False,Medium,1,False,68,298,Italian,False
1477871,124875,Shake Shack,American,21.39,Weekend,3,33,22,55,0.6,0.4,True,3.0,False,True,High,2,True,219,584,American,False
1476644,142461,Shake Shack,American,16.93,Weekend,5,35,28,63,0.556,0.444,True,5.0,True,True,Medium,5,True,219,584,American,False
1477415,58800,Mamoun's Falafel,Mediterranean,14.41,Weekend,5,33,26,59,0.559,0.441,True,5.0,True,True,Medium,1,False,7,46,Mediterranean,False
1477397,117810,Momoya,Japanese,8.05,Weekend,Not given,31,25,56,0.554,0.446,False,,False,True,Low,4,True,30,470,Japanese,False
1476723,136807,RedFarm Hudson,Chinese,19.35,Weekday,5,35,28,63,0.556,0.444,True,5.0,True,False,Medium,1,False,55,215,Chinese,False
1478258,222734,Shake Shack,American,16.98,Weekend,3,23,23,46,0.5,0.5,True,3.0,False,True,Medium,3,True,219,584,American,False
1477222,348096,The Meatball Shop,Italian,11.64,Weekend,4,23,24,47,0.489,0.511,True,4.0,True,True,Low,4,True,132,298,Italian,False
1477335,84457,Nobu Next Door,Japanese,29.15,Weekend,Not given,27,15,42,0.643,0.357,False,,False,True,High,1,False,42,470,Japanese,False
1476790,141732,Cho Dang Gol,Korean,12.18,Weekday,5,20,26,46,0.435,0.565,True,5.0,True,False,Low,4,True,6,13,Other,False
1477330,198802,DuMont Burger,American,24.25,Weekend,3,28,20,48,0.583,0.417,True,3.0,False,True,High,4,True,3,584,American,True
1477639,211035,Blue Ribbon Sushi,Japanese,19.45,Weekday,Not given,28,28,56,0.5,0.5,False,,False,False,High,1,False,119,470,Japanese,False
1478124,328331,S'MAC,American,16.11,Weekday,5,25,24,49,0.51,0.49,True,5.0,True,False,Medium,1,False,12,584,American,False
1477076,68834,Sushi of Gari 46,Japanese,31.43,Weekend,5,29,30,59,0.492,0.508,True,5.0,True,True,High,1,False,37,470,Japanese,False
1476939,111894,The Meatball Shop,Italian,25.27,Weekend,Not given,25,29,54,0.463,0.537,False,,False,True,High,1,False,132,298,Italian,False
1476661,42755,Blue Ribbon Sushi,Japanese,12.13,Weekend,3,24,23,47,0.511,0.489,True,3.0,False,True,Low,4,True,119,470,Japanese,False
1478268,306119,Xi'an Famous Foods,Chinese,20.86,Weekend,4,35,26,61,0.574,0.426,True,4.0,True,True,High,3,True,9,215,Chinese,False
1477253,111125,Blue Ribbon Sushi,Japanese,8.54,Weekend,5,34,29,63,0.54,0.46,True,5.0,True,True,Low,2,True,119,470,Japanese,False
1477778,100889,RedFarm Broadway,Chinese,31.43,Weekend,4,30,23,53,0.566,0.434,True,4.0,True,True,High,1,False,59,215,Chinese,False
1476923,50199,J. G. Melon,American,19.4,Weekday,4,35,26,61,0.574,0.426,True,4.0,True,False,High,2,True,15,584,American,False
1477362,172758,Shake Shack,American,12.23,Weekday,4,31,24,55,0.564,0.436,True,4.0,True,False,Medium,1,False,219,584,American,False
1477404,96254,Yama Japanese Restaurant,Japanese,6.69,Weekend,4,28,17,45,0.622,0.378,True,4.0,True,True,Low,2,True,18,470,Japanese,False
1477000,328731,Blue Ribbon Fried Chicken,American,29.59,Weekend,5,23,25,48,0.479,0.521,True,5.0,True,True,High,2,True,96,584,American,False
1478148,261371,Shake Shack,American,22.31,Weekend,Not given,35,28,63,0.556,0.444,False,,False,True,High,1,False,219,584,American,False
1477377,198802,DuMont Burger,American,12.56,Weekend,Not given,35,19,54,0.648,0.352,False,,False,True,Medium,4,True,3,584,American,True
1478039,292343,Amy Ruth's,Southern,12.23,Weekday,Not given,32,33,65,0.492,0.508,False,,False,False,Medium,2,True,3,17,Other,True
1478320,85091,The Meatball Shop,Italian,13.53,Weekday,3,20,31,51,0.392,0.608,True,3.0,False,False,Medium,3,True,132,298,Italian,False
1478304,321492,'wichcraft,American,8.1,Weekday,5,28,28,56,0.5,0.5,True,5.0,True,False,Low,1,False,1,584,American,True
1477194,62540,Blue Ribbon Sushi,Japanese,5.92,Weekday,Not given,27,31,58,0.466,0.534,False,,False,False,Low,2,True,119,470,Japanese,False
1477132,110792,Blue Ribbon Sushi,Japanese,12.13,Weekend,5,28,15,43,0.651,0.349,True,5.0,True,True,Low,2,True,119,470,Japanese,False
1477466,222734,Shake Shack,American,13.97,Weekend,5,35,27,62,0.565,0.435,True,5.0,True,True,Medium,3,True,219,584,American,False
1476700,127036,Shake Shack,American,12.23,Weekend,Not given,27,18,45,0.6,0.4,False,,False,True,Medium,1,False,219,584,American,False
1478011,96877,Melt Shop,American,16.98,Weekend,5,30,19,49,0.612,0.388,True,5.0,True,True,Medium,4,True,11,584,American,False
1476748,109906,The Meatball Shop,American,9.27,Weekend,Not given,24,23,47,0.511,0.489,False,,False,True,Low,1,False,132,584,American,False
1477437,304993,Shake Shack,American,31.43,Weekend,3,31,24,55,0.564,0.436,True,3.0,False,True,High,1,False,219,584,American,False
1477550,97324,Shake Shack,American,29.05,Weekday,4,27,29,56,0.482,0.518,True,4.0,True,False,High,1,False,219,584,American,False
1478277,48282,The Meatball Shop,American,14.5,Weekend,5,34,25,59,0.576,0.424,True,5.0,True,True,Medium,1,False,132,584,American,False
1476873,237616,Shake Shack,American,5.82,Weekend,Not given,26,30,56,0.464,0.536,False,,False,True,Low,3,True,219,584,American,False
1477353,106324,The Meatball Shop,Italian,16.2,Weekend,5,21,26,47,0.447,0.553,True,5.0,True,True,Medium,1,False,132,298,Italian,False
1478190,94152,RedFarm Broadway,Chinese,8.68,Weekday,3,33,30,63,0.524,0.476,True,3.0,False,False,Low,5,True,59,215,Chinese,False
1477316,164776,TAO,Japanese,15.67,Weekend,5,20,22,42,0.476,0.524,True,5.0,True,True,Medium,2,True,49,470,Japanese,False
1476981,138586,Shake Shack,American,5.82,Weekend,Not given,22,28,50,0.44,0.56,False,,False,True,Low,1,False,219,584,American,False
1477473,97838,Han Dynasty,Chinese,29.15,Weekend,Not given,29,21,50,0.58,0.42,False,,False,True,High,1,False,46,215,Chinese,False
1476701,292602,Chipotle Mexican Grill $1.99 Delivery,Mexican,22.31,Weekend,5,31,17,48,0.646,0.354,True,5.0,True,True,High,1,False,23,77,Mexican,False
1477421,397537,The Smile,American,12.18,Weekend,5,31,19,50,0.62,0.38,True,5.0,True,True,Low,1,False,18,584,American,False
1477819,35309,Blue Ribbon Sushi,Japanese,25.22,Weekday,Not given,31,24,55,0.564,0.436,False,,False,False,High,2,True,119,470,Japanese,False
1477513,64151,Jack's Wife Freda,Mediterranean,12.18,Weekday,5,23,31,54,0.426,0.574,True,5.0,True,False,Low,4,True,25,46,Mediterranean,False
1478056,120353,Blue Ribbon Sushi,Japanese,19.45,Weekend,Not given,28,24,52,0.538,0.462,False,,False,True,High,3,True,119,470,Japanese,False
